Season,GameCode,Team,PlayerID,PlayerName,PIR,IsStarter,IsPlaying,Dorsal,Minutes,Points,FieldGoalsMade2,FieldGoalsAttempted2,FieldGoalsMade3,FieldGoalsAttempted3,FreeThrowsMade,FreeThrowsAttempted,OffensiveRebounds,DefensiveRebounds,TotalRebounds,Assistances,Steals,Turnovers,BlocksFavour,BlocksAgainst,FoulsCommited,FoulsReceived,Plusminus
2024,1,BER,P012099,"GROSBER, DORIAN",0,0,0,2,DNP,0,0,0,0,0,0,0,0,0,0,0,0,0,0,0,0,0,0
2024,1,BER,P008173,"SPAGNOLO, MATTEO",4,0,0,3,16:18,8,4,7,0,2,0,0,0,1,1,2,0,1,0,0,2,1,-6
2024,1,BER,P011934,"WETZELL, YANNI",8,0,0,5,19:03,6,2,6,0,0,2,2,3,4,7,0,0,2,0,0,0,1,-12
2024,1,BER,P008062,"MCDOWELL-WHITE, WILL",12,0,0,7,15:15,13,2,2,3,4,0,0,0,1,1,1,0,1,0,0,1,0,-8
2024,1,BER,P007025,"MATTISSECK, JONAS",1,1,1,9,21:09,6,1,1,1,4,1,1,0,1,1,0,1,0,0,1,4,1,-7
2024,1,BER,P006251,"SCHNEIDER, TIM",0,0,0,10,DNP,0,0,0,0,0,0,0,0,0,0,0,0,0,0,0,0,0,0
2024,1,BER,P008780,"HERMANNSSON, MARTIN",18,1,1,15,27:18,12,3,4,1,2,3,4,0,2,2,9,0,3,0,0,2,3,1
2024,1,BER,P006919,"OLINDE, LOUIS",3,1,0,19,25:18,6,2,3,0,7,2,3,1,3,4,1,0,0,0,0,1,2,-10
2024,1,BER,P010791,"KOUMADJE, KHALIFA",18,1,1,21,22:25,8,4,7,0,0,0,0,5,8,13,0,0,1,0,0,1,2,-6
2024,1,BER,P011631,"RAPIEQUE, ELIAS",-1,1,0,25,10:49,2,1,1,0,3,0,0,0,1,1,1,1,1,0,0,2,0,0
2024,1,BER,P012721,"BEAN, JUSTIN",12,0,1,34,18:08,5,1,1,1,1,0,0,1,4,5,1,0,0,0,0,0,1,6
2024,1,BER,P012604,"WILLIAMS, TREVION",8,0,1,50,24:17,11,1,3,3,8,0,0,2,2,4,4,0,2,1,0,3,0,-8
2024,1,PAN,P011209,"KALAITZAKIS, PANAGIOTIS",0,0,0,0,00:50,0,0,0,0,0,0,0,0,0,0,0,0,0,0,0,0,0,-5
2024,1,PAN,P009622,"BROWN, LORENZO",8,1,0,2,20:11,5,2,3,0,2,1,1,0,2,2,5,0,1,0,0,2,2,15
2024,1,PAN,P001926,"SLOUKAS, KOSTAS",15,0,1,10,16:00,10,1,3,2,5,2,2,0,0,0,5,0,0,0,0,0,5,5
2024,1,PAN,P004088,"OSMAN, CEDI",7,0,0,16,14:39,5,1,1,1,3,0,0,0,1,1,1,1,0,1,0,0,0,-2
2024,1,PAN,P005161,"PAPAPETROU, IOANNIS",0,0,0,21,DNP,0,0,0,0,0,0,0,0,0,0,0,0,0,0,0,0,0,0
2024,1,PAN,P011204,"GRANT, JERIAN",11,0,1,22,21:16,10,2,4,2,3,0,0,0,1,1,2,1,0,0,0,1,1,-4
2024,1,PAN,P012774,"NUNN, KENDRICK",15,1,1,25,32:13,16,4,9,1,5,5,5,0,3,3,4,1,0,0,1,2,3,15
2024,1,PAN,P003842,"LESSORT, MATHIAS",23,1,1,26,27:08,14,6,7,0,2,2,2,1,7,8,1,2,0,0,0,1,2,8
2024,1,PAN,P002328,"GRIGONIS, MARIUS",1,1,0,40,17:15,3,0,1,1,4,0,0,1,1,2,1,0,2,0,0,1,2,11
2024,1,PAN,P012712,"HERNANGOMEZ, JUANCHO",12,0,1,41,21:16,11,1,2,3,5,0,0,0,1,1,2,1,0,0,0,0,0,-3
2024,1,PAN,P007866,"MITOGLOU, KONSTANTINOS",8,1,0,44,14:56,5,0,0,1,1,2,2,0,4,4,0,1,0,0,0,3,1,7
2024,1,PAN,P005353,"YURTSEVEN, OMER",10,0,0,77,14:16,8,4,4,0,0,0,0,1,2,3,0,0,0,0,0,1,0,3
2024,2,MCO,P011212,"OKOBO, ELIE",15,0,1,0,25:40,14,3,4,2,6,2,2,0,1,1,4,3,1,0,0,3,2,9
2024,2,MCO,P011231,"BLOSSOMGAME, JARON",7,0,1,4,20:37,7,3,4,0,0,1,2,1,1,2,0,0,0,0,0,1,1,11
2024,2,MCO,P005844,"PAPAGIANNIS, GEORGIOS",6,0,0,9,19:24,7,2,3,1,3,0,0,1,2,3,1,0,1,0,0,1,0,9
2024,2,MCO,P005763,"KORKMAZ, FURKAN",8,1,0,10,14:20,10,3,4,1,2,1,2,0,1,1,0,2,1,0,0,2,1,4
2024,2,MCO,P011226,"DIALLO, ALPHA",26,1,1,11,29:27,20,5,8,2,3,4,5,2,3,5,4,2,1,0,0,3,4,8
2024,2,MCO,P004790,"CORNELIE, PETR",0,0,0,12,DNP,0,0,0,0,0,0,0,0,0,0,0,0,0,0,0,0,0,0
2024,2,MCO,P002581,"JAITEH, MAM",17,1,1,14,20:36,10,5,6,0,0,0,0,3,4,7,1,0,2,1,0,2,3,4
2024,2,MCO,PLCZ,"MOTIEJUNAS, DONATAS",1,1,0,20,23:31,2,1,6,0,1,0,0,5,3,8,0,0,1,0,0,2,0,7
2024,2,MCO,P012515,"TARPEY, TERRY",0,0,0,22,DNP,0,0,0,0,0,0,0,0,0,0,0,0,0,0,0,0,0,0
2024,2,MCO,P013365,"BROWN, VITTO",5,0,0,30,06:25,4,1,1,0,2,2,2,2,1,3,0,1,0,0,0,2,1,0
2024,2,MCO,P008099,"STRAZEL, MATTHEW",5,0,1,32,21:26,10,1,1,2,5,2,3,0,0,0,0,0,1,0,0,3,3,4
2024,2,MCO,P005985,"JAMES, MIKE",11,1,0,55,18:34,9,2,3,0,4,5,5,0,1,1,5,0,0,0,1,1,3,9
2024,2,MIL,P006085,"DIMITRIJEVIC, NENO",15,0,1,1,24:04,11,3,6,1,2,2,2,2,4,6,5,0,2,0,0,3,2,-10
2024,2,MIL,P001392,"CAUSEUR, FABIEN",-1,1,0,5,15:25,2,1,4,0,0,0,0,1,2,3,1,1,0,0,1,4,0,-6
2024,2,MIL,P006509,"TONUT, STEFANO",0,0,0,7,04:21,0,0,0,0,0,0,0,0,0,0,0,0,0,0,0,0,0,5
2024,2,MIL,P008985,"BOLMARO, LEANDRO",9,1,1,10,22:49,9,3,4,0,2,3,4,0,2,2,3,0,2,0,0,2,3,-5
2024,2,MIL,P013384,"BROOKS, ARMONI",15,0,0,12,15:16,16,2,2,4,5,0,0,0,1,1,0,0,0,0,0,1,0,1
2024,2,MIL,P008987,"LEDAY, ZACH",15,0,0,16,17:52,11,2,3,1,1,4,4,0,1,1,0,0,0,0,0,1,5,-2
2024,2,MIL,P001518,"RICCI, GIAMPAOLO",0,0,0,17,09:46,3,0,0,1,1,0,0,0,0,0,0,1,1,0,0,3,0,-6
2024,2,MIL,P013385,"DIOP, OUSMANE",0,0,0,25,DNP,0,0,0,0,0,0,0,0,0,0,0,0,0,0,0,0,0,0
2024,2,MIL,P007831,"SHIELDS, SHAVON",9,1,1,31,28:19,10,2,5,1,2,3,4,0,2,2,2,1,4,0,0,2,5,-18
2024,2,MIL,P011199,"NEBO, JOSH",8,1,1,32,22:24,7,3,5,0,0,1,3,1,1,2,0,0,1,1,0,0,3,-15
2024,2,MIL,P000796,"MIROTIC, NIKOLA",8,1,1,33,27:19,9,0,0,2,5,3,4,1,2,3,0,2,2,0,0,2,2,-15
2024,2,MIL,P013386,"MC CORMACK, DAVID",-1,0,0,35,12:25,2,1,3,0,0,0,0,0,0,0,0,0,0,0,0,1,0,6
2024,3,ZAL,P011925,"WALLACE, TYRONE",8,1,0,1,15:40,6,3,5,0,1,0,0,0,2,2,2,1,2,0,0,1,3,-4
2024,3,ZAL,P007975,"FRANCISCO, SYLVAIN",22,0,0,3,17:44,19,2,4,4,6,3,4,2,2,4,3,1,1,0,0,2,3,11
2024,3,ZAL,P003210,"LEKAVICIUS, LUKAS",0,0,0,4,00:28,0,0,0,0,0,0,0,0,0,0,0,0,0,0,0,0,0,0
2024,3,ZAL,P011983,"BRAZDEIKIS, IGNAS",11,1,1,8,25:39,17,7,11,1,5,0,0,1,4,5,0,0,1,0,0,2,0,8
2024,3,ZAL,P007513,"GIEDRAITIS, DOVYDAS",7,1,1,9,26:29,7,2,2,1,3,0,0,0,2,2,1,1,1,0,0,2,1,5
2024,3,ZAL,P005504,"BIRUTIS, LAURYNAS",8,1,0,15,19:13,3,1,2,0,0,1,3,1,4,5,1,0,1,2,0,1,2,-7
2024,3,ZAL,P011051,"SMAILAGIC, ALEN",0,0,0,18,04:25,0,0,0,0,1,0,0,0,2,2,0,1,0,0,0,2,0,4
2024,3,ZAL,P012622,"MITCHELL, MATTHEW",2,0,1,21,21:37,6,3,7,0,5,0,0,3,3,6,0,1,0,0,0,3,1,3
2024,3,ZAL,P003048,"DUNSTON, BRYANT",-1,0,1,42,16:22,0,0,1,0,0,0,0,2,1,3,0,0,1,1,0,3,0,10
2024,3,ZAL,P002676,"BUTKEVICIUS, ARNAS",8,1,1,51,24:49,6,0,1,2,4,0,0,2,1,3,0,2,0,0,0,1,1,0
2024,3,ZAL,P007029,"SIRVYDIS, DEIVIDAS",4,0,0,91,12:23,8,0,0,2,3,2,2,0,1,1,0,0,3,0,0,2,1,-2
2024,3,ZAL,P002329,"ULANOVAS, EDGARAS",8,0,0,92,15:11,2,1,2,0,1,0,0,1,2,3,1,2,2,0,0,1,5,7
2024,3,BAR,P009862,"PUNTER, KEVIN",11,1,0,0,24:52,11,1,3,2,4,3,3,0,2,2,1,0,1,0,0,2,4,-14
2024,3,BAR,P012795,"ANDERSON, JUSTIN",4,1,1,1,14:16,4,1,2,0,0,2,2,0,0,0,1,0,1,0,0,0,1,-10
2024,3,BAR,P000925,"VESELY, JAN",8,0,0,6,20:48,7,2,6,0,0,3,4,0,3,3,1,1,0,0,0,2,3,-7
2024,3,BAR,P013379,"METU, CHIMEZIE",7,0,1,10,22:35,7,3,4,0,3,1,2,2,4,6,0,2,1,0,1,3,2,-8
2024,3,BAR,P002939,"SATORANSKY, TOMAS",5,1,1,13,28:00,2,1,5,0,0,0,0,4,3,7,5,0,3,0,1,3,2,-5
2024,3,BAR,P003196,"HERNANGOMEZ, WILLY",4,1,0,14,11:34,8,3,6,0,0,2,4,1,0,1,1,0,0,0,1,2,2,-4
2024,3,BAR,P010106,"NUNEZ, JUAN",3,0,0,17,07:28,0,0,1,0,0,0,0,1,2,3,1,0,1,0,0,1,2,-1
2024,3,BAR,P006568,"FALL, YOUSSOUPHA",0,0,0,19,DNP,0,0,0,0,0,0,0,0,0,0,0,0,0,0,0,0,0,0
2024,3,BAR,P006435,"LAPROVITTOLA, NICOLAS",20,0,1,20,23:29,12,3,4,1,2,3,4,0,1,1,8,3,2,0,0,3,4,11
2024,3,BAR,P003478,"ABRINES, ALEX",4,0,1,21,23:00,5,1,1,1,6,0,0,0,3,3,1,1,0,0,0,1,0,-3
2024,3,BAR,P012745,"PARKER, JABARI",8,1,0,22,23:58,11,4,5,1,5,0,0,0,2,2,0,0,0,0,0,0,0,6
2024,3,BAR,P007464,"PARRA, JOEL",0,0,0,44,DNP,0,0,0,0,0,0,0,0,0,0,0,0,0,0,0,0,0,0
2024,4,BAS,P011948,"HOWARD, MARKUS",12,0,0,0,20:07,17,2,6,3,6,4,4,0,1,1,1,0,1,0,0,1,2,9
2024,4,BAS,P008850,"RAIESTE, SANDER",0,0,0,2,DNP,0,0,0,0,0,0,0,0,0,0,0,0,0,0,0,0,0,0
2024,4,BAS,P007230,"SEDEKERSKIS, TADAS",21,1,1,8,27:08,14,3,3,2,3,2,4,1,5,6,1,0,0,0,0,0,3,-4
2024,4,BAS,P012080,"LUWAWU-CABARROT, TIMOTHE",14,1,1,9,30:53,15,5,10,1,2,2,2,1,3,4,2,2,2,1,0,3,1,8
2024,4,BAS,P004058,"JARAMAZ, OGNJEN",1,0,0,10,01:03,2,1,1,0,0,0,0,0,0,0,0,0,0,0,0,1,0,1
2024,4,BAS,P013367,"FORREST, TRENT",17,1,1,11,22:11,10,2,3,1,1,3,3,0,2,2,4,1,1,0,0,0,2,5
2024,4,BAS,P011085,"ROGKAVOPOULOS, NIKOLAOS",-2,0,0,17,06:55,0,0,1,0,1,0,0,0,1,1,0,0,0,0,0,1,0,-3
2024,4,BAS,P008072,"DIOP, KHALIFA",6,0,0,18,17:12,2,1,1,0,0,0,0,1,3,4,0,0,1,1,0,1,1,2
2024,4,BAS,P012597,"BALDWIN, KAMAR",5,0,0,44,16:46,7,2,3,1,3,0,0,0,1,1,2,0,1,0,0,1,0,0
2024,4,BAS,P011196,"HALL, DONTA",14,1,1,45,22:20,8,3,3,0,0,2,2,1,3,4,0,0,0,4,0,4,2,4
2024,4,BAS,P012058,"NDIAYE, OUSMANE",0,0,0,46,DNP,0,0,0,0,0,0,0,0,0,0,0,0,0,0,0,0,0,0
2024,4,BAS,P012201,"MONEKE, CHIMA",16,1,1,95,35:25,13,2,4,1,5,6,6,2,2,4,4,1,3,0,0,2,5,8
2024,4,PAR,P007870,"DAVIES, BRANDON",15,1,1,0,30:38,20,5,7,3,6,1,2,1,0,1,3,1,2,0,1,3,2,-5
2024,4,PAR,P010781,"LUNDBERG, IFFE",9,1,1,1,22:55,10,2,5,2,4,0,0,0,1,1,4,0,2,0,0,1,2,1
2024,4,PAR,P013369,"JONES, CARLIK",9,0,1,2,19:59,4,2,6,0,0,0,0,0,3,3,6,1,1,0,1,1,2,-5
2024,4,PAR,P006591,"NTILIKINA, FRANK",3,0,0,3,17:52,3,0,0,1,2,0,0,0,1,1,0,0,0,0,0,1,1,-9
2024,4,PAR,P011050,"KOPRIVICA, BALSA",0,0,0,5,DNP,0,0,0,0,0,0,0,0,0,0,0,0,0,0,0,0,0,0
2024,4,PAR,P007632,"NAKIC, MARIO",0,0,0,7,DNP,0,0,0,0,0,0,0,0,0,0,0,0,0,0,0,0,0,0
2024,4,PAR,P004761,"MARINKOVIC, VANJA",10,1,1,9,28:56,11,1,1,3,6,0,0,1,3,4,2,0,0,0,0,4,0,6
2024,4,PAR,P008232,"POKUSEVSKI, ALEKSEJ",0,0,0,11,DNP,0,0,0,0,0,0,0,0,0,0,0,0,0,0,0,0,0,0
2024,4,PAR,P012720,"BROWN, STERLING",-1,1,0,12,24:49,4,2,6,0,2,0,0,0,3,3,3,2,2,0,3,2,0,-6
2024,4,PAR,P006760,"BONGA, ISAAC",5,0,1,17,23:38,8,0,5,2,4,2,2,0,4,4,1,0,0,0,1,1,1,-3
2024,4,PAR,P007736,"LAKIC, ARIJAN",0,0,0,19,DNP,0,0,0,0,0,0,0,0,0,0,0,0,0,0,0,0,0,0
2024,4,PAR,P011981,"JONES, TYRIQUE",28,1,0,88,31:13,22,9,10,0,0,4,6,1,3,4,1,2,1,0,0,3,6,-9
2024,5,MUN,P010391,"WEILER-BABB, NICK",-1,1,1,0,17:09,0,0,2,0,2,0,0,0,0,0,4,1,3,0,0,0,1,-6
2024,5,MUN,P011244,"DA SILVA, OSCAR",4,0,0,1,14:53,4,1,2,0,0,2,2,1,0,1,0,1,1,0,0,2,2,-2
2024,5,MUN,P011987,"EDWARDS, CARSEN",12,0,1,3,26:55,14,4,7,1,9,3,3,1,2,3,6,0,1,0,1,2,4,10
2024,5,MUN,P001557,"GIFFEY, NIELS",13,0,1,5,18:36,6,0,0,2,2,0,0,0,3,3,1,1,0,1,0,0,1,15
2024,5,MUN,P007201,"VOIGTMANN, JOHANNES",23,1,0,7,33:52,19,2,3,5,9,0,2,3,7,10,4,1,2,0,0,3,1,-6
2024,5,MUN,P011224,"NAPIER, SHABAZZ",23,0,1,8,23:11,25,4,7,4,5,5,6,0,2,2,2,1,3,0,1,3,5,21
2024,5,MUN,P001288,"LUCIC, VLADIMIR",14,1,1,11,23:07,9,1,2,0,2,7,7,1,2,3,1,1,1,0,0,0,4,-9
2024,5,MUN,P004508,"OBST, ANDREAS",9,1,0,13,13:05,9,1,1,2,3,1,2,0,0,0,2,0,1,0,0,2,3,-2
2024,5,MUN,P005460,"HARRIS, ELIAS",0,0,0,20,DNP,0,0,0,0,0,0,0,0,0,0,0,0,0,0,0,0,0,0
2024,5,MUN,P007639,"BRANKOVIC, DANKO",1,0,0,22,04:15,0,0,0,0,0,0,0,0,1,1,0,1,0,0,0,1,0,6
2024,5,MUN,P007056,"BOOKER, DEVIN",8,1,0,31,24:57,11,3,4,1,3,2,2,1,2,3,2,1,3,0,1,5,3,13
2024,5,MUN,P011052,"MADAR, YAM",0,0,0,41,DNP,0,0,0,0,0,0,0,0,0,0,0,0,0,0,0,0,0,0
2024,5,MAD,P003733,"ABALDE, ALBERTO",0,1,0,6,17:06,3,0,0,1,2,0,0,0,1,1,0,1,2,0,0,2,0,9
2024,5,MAD,P005928,"CAMPAZZO, FACUNDO",21,1,0,7,27:22,19,2,7,3,5,6,6,0,1,1,9,2,3,0,1,5,6,5
2024,5,MAD,P013378,"RATHAN-MAYES, XAVIER",10,0,1,8,14:27,12,4,5,1,3,1,5,0,1,1,1,3,1,1,0,3,3,-8
2024,5,MAD,P011649,"GONZALEZ, HUGO",1,0,0,9,07:28,0,0,0,0,0,0,0,0,1,1,0,0,1,0,0,0,1,2
2024,5,MAD,P006540,"MUSA, DZANAN",13,1,1,13,24:16,18,5,8,2,5,2,2,0,2,2,4,0,4,0,0,2,1,1
2024,5,MAD,P009005,"DECK, GABRIEL",14,0,1,14,27:32,11,4,4,0,1,3,4,0,5,5,1,0,1,0,0,2,2,-12
2024,5,MAD,P007630,"GARUBA, USMAN",-1,0,0,16,04:38,2,1,1,0,0,0,0,0,0,0,0,0,0,0,0,3,0,-4
2024,5,MAD,P003583,"IBAKA, SERGE",5,0,1,18,16:26,9,3,4,1,3,0,0,2,2,4,0,0,1,0,0,4,0,-7
2024,5,MAD,P005791,"TAVARES, WALTER",20,1,0,22,21:05,12,5,5,0,0,2,3,3,6,9,0,0,2,2,0,2,2,2
2024,5,MAD,PTGB,"LLULL, SERGIO",6,0,1,23,13:55,3,0,0,1,2,0,0,0,1,1,1,1,0,0,0,1,2,-16
2024,5,MAD,P011247,"FELIZ, ANDRES",-1,0,0,24,11:38,0,0,1,0,0,0,0,0,0,0,2,1,2,0,0,2,1,-11
2024,5,MAD,P009213,"NDIAYE, ELI",0,1,0,30,14:07,0,0,0,0,1,0,0,0,1,1,0,0,0,0,0,0,0,-1
2024,6,TEL,P006835,"HOARD, JAYLEN",13,0,1,1,21:23,15,6,12,0,0,3,4,3,1,4,1,0,0,0,1,1,2,-1
2024,6,TEL,P009754,"LOYD, JORDAN",12,1,0,3,26:31,15,5,8,1,3,2,2,0,1,1,2,1,1,0,0,2,1,19
2024,6,TEL,P007855,"KABA, ALPHA",0,0,1,7,02:17,0,0,0,0,0,0,0,0,1,1,0,0,0,0,0,1,0,-2
2024,6,TEL,P004233,"MENCO, RAFI",0,0,0,8,04:22,0,0,0,0,0,0,0,0,0,0,0,0,0,0,0,0,0,-8
2024,6,TEL,P011219,"SORKIN, ROMAN",4,1,0,9,22:29,7,3,5,0,3,1,2,1,2,3,1,1,0,1,1,4,2,3
2024,6,TEL,P013381,"RAYMAN, WILLIAM",0,0,1,11,03:22,0,0,0,0,1,0,0,0,0,0,0,1,0,0,0,0,0,1
2024,6,TEL,P007990,"DIBARTOLOMEO, JOHN",12,0,1,12,18:19,8,0,0,2,3,2,2,0,2,2,0,2,1,0,0,1,3,0
2024,6,TEL,P011214,"RIVERO, JASIEL",24,1,0,14,29:04,11,5,7,0,1,1,2,2,7,9,2,3,2,2,0,2,5,4
2024,6,TEL,P005145,"COHEN, JAKE",0,0,0,15,DNP,0,0,0,0,0,0,0,0,0,0,0,0,0,0,0,0,0,0
2024,6,TEL,P013382,"RANDOLPH, LEVI",5,1,1,20,28:16,8,3,7,0,1,2,2,1,5,6,0,1,2,0,1,3,1,12
2024,6,TEL,P007519,"JOKUBAITIS, ROKAS",2,0,0,31,15:06,4,2,3,0,2,0,0,0,1,1,2,0,2,1,0,2,1,-11
2024,6,TEL,P011193,"BLATT, TAMIR",36,1,0,45,28:51,21,4,5,4,4,1,1,0,2,2,12,1,2,0,0,0,3,18
2024,6,ASV,P013371,"HARRISON, SHAQUILLE",2,0,0,1,15:46,5,1,3,1,1,0,0,0,1,1,1,0,1,1,1,2,0,6
2024,6,ASV,P013372,"SCHOFIELD, ADMIRAL",0,0,0,2,DNP,0,0,0,0,0,0,0,0,0,0,0,0,0,0,0,0,0,0
2024,6,ASV,P011225,"LEE, PARIS",13,1,1,3,24:51,12,3,6,2,4,0,0,0,2,2,4,1,1,0,0,1,1,-13
2024,6,ASV,PKIR,"KAHUDI, CHARLES",-1,1,0,5,03:26,0,0,1,0,0,0,0,0,0,0,0,0,0,0,0,0,0,1
2024,6,ASV,P007027,"MALEDON, THEO",17,1,1,6,26:38,11,2,4,1,3,4,4,0,4,4,3,2,2,0,0,1,4,-12
2024,6,ASV,P004194,"LAUVERGNE, JOFFREY",11,1,1,7,25:47,17,7,11,1,3,0,0,1,0,1,1,0,1,0,1,2,2,-15
2024,6,ASV,P000229,"JACKSON, EDWIN",0,0,1,11,21:57,5,1,4,1,2,0,0,1,1,2,1,0,2,0,1,2,1,-8
2024,6,ASV,P002100,"DE COLO, NANDO",5,0,0,12,13:22,5,2,3,0,1,1,1,0,0,0,4,0,2,0,0,1,1,5
2024,6,ASV,P010545,"SAKO, NEAL",15,1,0,13,16:43,6,2,3,0,0,2,2,4,0,4,3,2,0,1,1,1,2,-4
2024,6,ASV,P003526,"LIGHTY, DAVID",4,0,0,23,14:00,3,0,1,1,2,0,0,0,2,2,2,0,0,0,0,2,1,0
2024,6,ASV,P012731,"NDIAYE, MBAYE",11,0,0,24,19:44,8,2,3,1,1,1,1,0,3,3,4,1,4,1,0,3,2,2
2024,6,ASV,P008991,"BLACK, TARIK",10,0,1,28,17:46,10,5,5,0,0,0,1,0,5,5,0,0,3,0,0,3,2,3
2024,7,ULK,P009863,"BALDWIN IV, WADE",26,1,1,2,31:33,19,5,7,1,5,6,7,2,3,5,7,2,2,1,0,2,3,14
2024,7,ULK,P006661,"WILBEKIN, SCOTTIE",0,0,0,3,02:05,0,0,0,0,0,0,0,0,0,0,0,0,1,0,0,0,1,-3
2024,7,ULK,P002849,"MELLI, NICOLO",8,0,1,4,19:56,5,1,1,1,2,0,0,3,4,7,1,0,0,0,0,4,0,6
2024,7,ULK,P002968,"SANLI, SERTAC",3,0,0,5,09:38,7,2,3,1,3,0,0,1,1,2,2,0,1,0,0,4,0,-5
2024,7,ULK,P008962,"HAYES-DAVIS, NIGEL",15,1,1,11,27:21,15,4,5,1,4,4,5,0,2,2,1,1,2,0,0,1,4,16
2024,7,ULK,P011205,"HALL, DEVON",11,0,1,20,22:51,5,0,1,1,1,2,2,1,2,3,4,0,1,0,0,1,2,7
2024,7,ULK,P010560,"PIERRE, DYSHAWN",6,0,0,21,11:44,2,1,2,0,2,0,0,1,2,3,0,0,0,1,0,0,3,3
2024,7,ULK,P004004,"GUDURIC, MARKO",3,1,0,23,20:36,4,1,3,0,2,2,2,1,0,1,2,0,3,0,0,2,5,-1
2024,7,ULK,P008104,"ZAGARS, ARTURS",-1,0,0,32,02:35,3,0,0,0,1,3,4,0,0,0,0,0,0,0,0,3,1,3
2024,7,ULK,P009783,"COLSON, BONZIE",12,1,1,50,28:16,10,2,5,2,4,0,2,2,7,9,0,0,0,0,0,2,2,8
2024,7,ULK,PLMG,"MARJANOVIC, BOBAN",9,1,0,51,15:32,8,4,7,0,0,0,0,1,3,4,1,0,0,0,0,1,0,6
2024,7,ULK,P007182,"BIRCH, KHEM",7,0,0,92,07:53,4,2,3,0,0,0,0,0,3,3,0,1,1,1,0,0,0,1
2024,7,OLY,P008855,"WALKUP, THOMAS",6,0,1,0,21:45,2,1,3,0,2,0,0,0,2,2,5,1,1,0,0,1,2,-7
2024,7,OLY,P007982,"WILLIAMS-GOSS, NIGEL",3,1,1,1,20:58,6,2,6,0,1,2,2,1,0,1,2,0,2,0,0,1,2,-10
2024,7,OLY,P012878,"WRIGHT, MOSES",17,1,0,2,21:59,15,5,10,1,3,2,3,1,6,7,1,2,1,0,1,2,4,-2
2024,7,OLY,P010392,"LARENTZAKIS, GIANNOULIS",0,0,0,5,DNP,0,0,0,0,0,0,0,0,0,0,0,0,0,0,0,0,0,0
2024,7,OLY,P007947,"VILDOZA, LUCA",1,0,0,8,03:52,2,1,1,0,0,0,0,0,0,0,2,0,0,0,0,3,0,2
2024,7,OLY,P003469,"VEZENKOV, SASHA",12,1,1,14,30:31,11,3,4,1,2,2,2,1,3,4,0,0,0,0,0,2,1,-4
2024,7,OLY,P001255,"PAPANIKOLAOU, KOSTAS",0,0,0,16,14:33,0,0,0,0,1,0,0,0,0,0,1,0,0,0,0,1,1,-1
2024,7,OLY,P009849,"DORSEY, TYLER",3,1,0,22,16:27,6,1,2,0,3,4,4,0,0,0,1,0,1,0,0,2,3,-8
2024,7,OLY,P008829,"PETERS, ALEC",-1,0,0,25,09:29,2,1,3,0,0,0,0,0,1,1,0,0,0,0,1,1,0,-7
2024,7,OLY,P011194,"PETRUSEV, FILIP",2,0,1,30,18:01,9,4,7,0,2,1,2,0,2,2,0,0,0,0,1,4,2,-9
2024,7,OLY,P007853,"MCKISSIC, SHAQUIELLE",15,0,1,77,20:00,13,2,3,1,4,6,6,0,2,2,2,0,0,0,0,1,3,-2
2024,7,OLY,P013380,"FOURNIER, EVAN",0,1,0,94,22:25,5,0,1,1,2,2,2,0,0,0,1,0,2,0,0,4,2,-7
2024,8,PRS,P012608,"SHORTS, TJ",21,1,1,0,27:51,16,6,10,0,1,4,5,0,3,3,4,3,2,0,0,4,7,2
2024,8,PRS,P012609,"MALCOLM, COLLIN",7,0,0,1,11:26,6,1,1,1,1,1,1,0,0,0,1,0,1,0,0,0,1,-3
2024,8,PRS,P012640,"HIFI, NADIR",5,0,1,2,20:28,12,3,7,1,6,3,4,1,0,1,2,0,0,0,0,2,2,-4
2024,8,PRS,P012610,"WARD, TYSON",7,1,1,3,28:34,9,2,4,1,6,2,3,1,2,3,2,1,0,0,1,2,3,0
2024,8,PRS,P013373,"CAVALIERE, LEOPOLD",0,0,0,4,14:09,0,0,0,0,0,0,0,0,1,1,0,0,0,0,0,1,0,-10
2024,8,PRS,P005793,"SY, BANDJA",0,0,0,5,DNP,0,0,0,0,0,0,0,0,0,0,0,0,0,0,0,0,0,0
2024,8,PRS,P012611,"HERRERA, SEBASTIAN",0,0,0,7,DNP,0,0,0,0,0,0,0,0,0,0,0,0,0,0,0,0,0,0
2024,8,PRS,P004512,"KRATZER, LEON",0,0,0,8,11:26,3,1,4,0,0,1,2,2,1,3,0,0,1,0,0,3,2,-5
2024,8,PRS,P007032,"LO, MAODO",10,0,0,12,18:24,12,3,5,2,3,0,0,1,0,1,1,0,0,0,1,0,0,-2
2024,8,PRS,P010390,"HAYES, KEVARRIUS",15,1,1,13,28:34,10,3,6,0,0,4,4,2,3,5,0,1,0,1,0,1,2,2
2024,8,PRS,P012613,"JANTUNEN, MIKAEL",15,1,1,20,25:51,9,2,3,1,2,2,2,4,2,6,1,2,0,0,1,3,3,7
2024,8,PRS,P004197,"OUATTARA, YAKUBA",-6,1,0,24,13:17,0,0,2,0,4,0,0,0,1,1,0,1,0,0,0,2,0,-2
2024,8,RED,P009048,"MILLER-MCINTYRE, CODI",14,0,1,0,27:03,9,4,7,0,3,1,2,0,6,6,7,0,2,0,0,0,1,5
2024,8,RED,P010612,"CANAAN, ISAIAH",13,1,1,3,29:17,14,3,6,2,4,2,2,1,0,1,1,1,0,0,0,1,2,14
2024,8,RED,P007960,"DAVIDOVAC, DEJAN",-1,0,0,7,02:30,0,0,1,0,0,0,0,0,0,0,0,0,0,0,0,0,0,-3
2024,8,RED,P002553,"MITROVIC, LUKA",10,0,0,9,21:09,7,2,5,0,0,3,4,1,3,4,1,1,2,2,0,4,5,1
2024,8,RED,P004866,"KALINIC, NIKOLA",16,1,1,12,27:38,9,1,3,2,2,1,2,5,0,5,3,0,0,0,0,1,3,8
2024,8,RED,P004007,"DOBRIC, OGNJEN",2,0,0,13,03:50,2,1,1,0,0,0,0,0,0,0,0,0,0,0,0,0,0,-9
2024,8,RED,P009035,"BOLOMBOY, JOEL",9,1,1,21,16:20,6,3,5,0,0,0,0,4,7,11,1,0,3,1,1,4,0,7
2024,8,RED,P012786,"DAUM, MIKE",4,1,0,24,09:14,4,2,3,0,2,0,0,0,5,5,0,0,1,0,0,2,1,0
2024,8,RED,P006436,"GIEDRAITIS, ROKAS",4,0,1,31,23:31,5,0,1,1,3,2,2,3,1,4,0,0,0,0,0,3,1,-2
2024,8,RED,P006240,"PLAVSIC, UROS",-1,0,0,33,02:31,1,0,0,0,0,1,2,0,0,0,0,0,0,0,0,2,1,-5
2024,8,RED,P000848,"NEDOVIC, NEMANJA",21,0,0,36,22:42,21,2,2,5,6,2,2,0,0,0,3,0,1,0,0,3,2,5
2024,8,RED,P012044,"DOS SANTOS, YAGO",1,1,0,99,14:15,2,1,3,0,2,0,0,0,1,1,3,0,3,0,0,0,2,-6
2024,9,VIR,P009549,"CORDINIER, ISAIA",15,1,1,0,31:22,16,4,6,1,4,5,5,2,3,5,2,0,4,0,0,4,5,-5
2024,9,VIR,PBCN,"BELINELLI, MARCO",1,0,0,3,15:53,7,2,5,1,2,0,0,1,0,1,1,0,2,0,1,2,1,-3
2024,9,VIR,P006739,"PAJOLA, ALESSANDRO",0,0,0,6,15:06,2,0,1,0,1,2,2,1,0,1,1,1,1,0,1,2,1,-9
2024,9,VIR,P004888,"CLYBURN, WILL",5,1,0,8,18:07,0,0,1,0,2,0,0,0,5,5,3,0,2,0,0,0,2,-11
2024,9,VIR,P001133,"SHENGELIA, TORNIKE",9,1,1,21,29:33,12,3,7,0,2,6,7,1,4,5,3,0,5,1,1,3,4,8
2024,9,VIR,P001844,"HACKETT, DANIEL",3,1,1,23,19:35,5,0,1,1,1,2,2,0,0,0,0,0,1,0,0,2,2,-7
2024,9,VIR,P012585,"MORGAN, MATTHEW",6,0,1,30,13:40,7,0,1,2,4,1,2,0,4,4,2,0,1,0,1,3,2,8
2024,9,VIR,P002084,"POLONARA, ACHILLE",3,0,1,33,16:52,2,1,1,0,3,0,0,1,1,2,1,0,0,2,0,2,1,-15
2024,9,VIR,P013374,"DIOUF, MOUHAMET",9,0,0,35,11:48,7,2,4,0,0,3,3,0,1,1,0,3,0,0,1,1,2,-9
2024,9,VIR,P004554,"ZIZIC, ANTE",11,1,0,41,21:00,7,3,4,0,0,1,2,1,4,5,0,0,1,1,0,2,3,0
2024,9,VIR,P011816,"AKELE, NICOLA",0,0,0,45,00:47,0,0,0,0,0,0,0,0,0,0,0,0,0,0,0,0,0,-2
2024,9,VIR,P012591,"TUCKER, RAYJON",-1,0,0,59,06:17,2,1,2,0,1,0,0,0,0,0,1,0,0,0,1,1,0,0
2024,9,IST,P007200,"LARKIN, SHANE",16,0,0,0,23:19,11,1,4,3,6,0,0,2,4,6,3,0,1,0,1,1,5,-10
2024,9,IST,P006590,"BEAUBOIS, RODRIGUE",5,0,1,1,18:07,7,2,3,1,2,0,0,0,0,0,2,0,1,0,0,1,0,11
2024,9,IST,P013363,"NWORA, JORDAN",1,0,0,3,12:09,5,1,4,1,3,0,0,1,3,4,0,0,3,0,0,1,1,-3
2024,9,IST,P009846,"BRYANT, ELIJAH",11,1,1,6,23:07,12,6,8,0,3,0,0,0,3,3,3,1,0,1,1,3,0,3
2024,9,IST,P007109,"SMITS, ROLANDS",5,0,0,11,20:50,6,3,4,0,2,0,0,1,2,3,0,2,1,0,0,3,1,8
2024,9,IST,P011078,"THOMPSON, DARIUS",5,1,1,13,24:25,6,1,3,1,2,1,2,0,2,2,2,0,1,0,0,3,3,22
2024,9,IST,P013364,"JOHNSON, STANLEY",2,1,0,14,05:54,0,0,0,0,0,0,0,0,1,1,1,1,0,0,0,1,0,0
2024,9,IST,P004887,"POIRIER, VINCENT",3,0,0,17,13:48,4,1,3,0,0,2,4,1,2,3,1,1,2,2,1,4,3,1
2024,9,IST,P009513,"HOLLATZ, JUSTUS",-2,0,0,21,04:00,0,0,0,0,0,0,0,0,0,0,0,0,0,0,0,2,0,-6
2024,9,IST,P012710,"OSMANI, ERCAN",-1,1,0,24,16:09,5,1,5,1,2,0,0,1,0,1,0,0,0,0,1,1,0,3
2024,9,IST,P012788,"OTURU, DAN",23,1,1,25,26:12,14,5,8,0,0,4,6,3,6,9,1,1,3,1,0,2,7,8
2024,9,IST,P009664,"WILLIS, DEREK",10,0,1,35,12:00,6,1,1,0,1,4,4,1,1,2,0,1,1,2,0,1,2,8
2024,10,MCO,P011212,"OKOBO, ELIE",16,0,1,0,26:59,17,5,8,2,3,1,2,0,2,2,3,0,2,0,0,1,2,3
2024,10,MCO,P011231,"BLOSSOMGAME, JARON",4,1,1,4,20:44,7,0,2,2,5,1,4,1,2,3,0,0,0,0,0,2,4,3
2024,10,MCO,P005844,"PAPAGIANNIS, GEORGIOS",12,0,0,9,17:43,10,5,8,0,1,0,0,3,4,7,0,0,1,1,1,2,2,-1
2024,10,MCO,P011226,"DIALLO, ALPHA",10,0,1,11,29:17,9,3,6,0,0,3,4,4,2,6,1,0,1,0,0,3,2,8
2024,10,MCO,P004790,"CORNELIE, PETR",0,0,0,12,DNP,0,0,0,0,0,0,0,0,0,0,0,0,0,0,0,0,0,0
2024,10,MCO,P002581,"JAITEH, MAM",9,1,1,14,22:17,6,3,4,0,0,0,4,2,6,8,1,0,1,0,0,4,4,7
2024,10,MCO,PLCZ,"MOTIEJUNAS, DONATAS",12,1,0,20,21:45,11,4,6,1,4,0,0,2,4,6,0,0,1,0,0,2,3,6
2024,10,MCO,P012515,"TARPEY, TERRY",1,0,0,22,00:09,0,0,0,0,0,0,0,0,1,1,0,0,0,0,0,0,0,0
2024,10,MCO,P008161,"BEGARIN, JUHANN",0,0,0,23,DNP,0,0,0,0,0,0,0,0,0,0,0,0,0,0,0,0,0,0
2024,10,MCO,P013365,"BROWN, VITTO",-2,0,0,30,02:51,0,0,1,0,1,0,0,0,0,0,0,0,0,0,0,0,0,-5
2024,10,MCO,P008099,"STRAZEL, MATTHEW",3,1,0,32,26:57,8,1,2,2,3,0,0,0,0,0,2,0,1,0,0,4,0,0
2024,10,MCO,P005985,"JAMES, MIKE",22,1,1,55,31:18,17,2,6,3,7,4,6,0,1,1,6,3,0,0,0,1,6,9
2024,10,TEL,P006835,"HOARD, JAYLEN",19,0,1,1,28:15,13,4,6,0,2,5,6,0,7,7,0,3,0,0,0,2,3,-9
2024,10,TEL,P009754,"LOYD, JORDAN",17,1,1,3,28:37,16,5,8,1,4,3,3,1,3,4,1,0,1,0,0,4,7,-7
2024,10,TEL,P007855,"KABA, ALPHA",-1,0,0,7,02:53,0,0,0,0,0,0,0,0,1,1,0,0,0,0,0,2,0,-2
2024,10,TEL,P004233,"MENCO, RAFI",0,0,0,8,DNP,0,0,0,0,0,0,0,0,0,0,0,0,0,0,0,0,0,0
2024,10,TEL,P011219,"SORKIN, ROMAN",4,1,0,9,19:56,7,1,5,1,2,2,2,0,3,3,1,0,1,0,0,2,1,3
2024,10,TEL,P013381,"RAYMAN, WILLIAM",-1,0,0,11,03:29,0,0,0,0,0,0,0,0,0,0,0,0,0,0,0,1,0,-4
2024,10,TEL,P007990,"DIBARTOLOMEO, JOHN",-1,0,1,12,17:43,3,0,0,1,4,0,0,1,0,1,0,0,0,0,0,4,2,-3
2024,10,TEL,P011214,"RIVERO, JASIEL",16,1,1,14,24:41,13,6,8,0,0,1,2,1,3,4,1,1,0,1,0,3,2,-3
2024,10,TEL,P005145,"COHEN, JAKE",2,0,0,15,05:52,2,1,1,0,2,0,0,1,0,1,0,1,0,0,0,0,0,-2
2024,10,TEL,P013382,"RANDOLPH, LEVI",10,1,1,20,28:36,10,5,7,0,1,0,0,1,4,5,1,0,0,0,0,3,0,2
2024,10,TEL,P007519,"JOKUBAITIS, ROKAS",15,0,0,31,12:58,9,4,7,0,0,1,2,1,2,3,4,0,0,0,0,0,3,0
2024,10,TEL,P011193,"BLATT, TAMIR",5,1,0,45,27:00,6,0,4,2,4,0,0,0,1,1,10,0,4,0,1,2,1,-5
2024,11,RED,P009048,"MILLER-MCINTYRE, CODI",14,1,1,0,28:00,7,1,5,1,2,2,2,1,2,3,7,1,1,0,0,1,3,2
2024,11,RED,P010612,"CANAAN, ISAIAH",16,1,0,3,24:22,19,3,5,3,6,4,5,0,0,0,2,1,0,0,1,2,3,5
2024,11,RED,P007960,"DAVIDOVAC, DEJAN",2,0,0,7,08:19,2,1,1,0,0,0,0,0,1,1,1,0,0,0,0,2,0,5
2024,11,RED,P002553,"MITROVIC, LUKA",10,0,0,9,12:43,6,2,2,0,0,2,2,2,2,4,1,0,1,0,0,3,3,-1
2024,11,RED,PLUO,"LAZIC, BRANKO",0,0,0,10,00:09,0,0,0,0,0,0,0,0,0,0,0,0,0,0,0,0,0,-2
2024,11,RED,P004866,"KALINIC, NIKOLA",15,1,1,12,27:04,12,1,3,3,5,1,1,0,3,3,2,2,2,1,0,0,1,2
2024,11,RED,P004007,"DOBRIC, OGNJEN",2,0,1,13,17:52,0,0,1,0,1,0,0,1,0,1,3,1,0,0,0,2,1,1
2024,11,RED,P009035,"BOLOMBOY, JOEL",17,1,1,21,27:10,15,7,11,0,0,1,2,1,7,8,0,0,1,2,0,4,2,8
2024,11,RED,P012786,"DAUM, MIKE",2,1,0,24,16:16,3,0,0,1,2,0,0,0,2,2,0,0,1,0,0,1,0,7
2024,11,RED,P006436,"GIEDRAITIS, ROKAS",0,0,1,31,14:47,2,1,1,0,0,0,0,0,0,0,1,1,1,0,0,3,0,-3
2024,11,RED,P000848,"NEDOVIC, NEMANJA",4,0,0,36,11:20,9,3,6,1,3,0,0,0,0,0,0,1,0,0,1,2,2,4
2024,11,RED,P012044,"DOS SANTOS, YAGO",1,0,0,99,11:58,3,0,2,1,3,0,0,0,2,2,0,1,2,0,1,1,3,7
2024,11,BAS,P011948,"HOWARD, MARKUS",5,0,1,0,20:41,7,1,2,1,5,2,2,1,2,3,0,0,1,0,0,4,5,7
2024,11,BAS,P010784,"SAVKOV, PAVEL",0,0,0,6,DNP,0,0,0,0,0,0,0,0,0,0,0,0,0,0,0,0,0,0
2024,11,BAS,P007230,"SEDEKERSKIS, TADAS",10,1,0,8,28:35,8,3,4,0,1,2,2,1,1,2,1,2,1,0,1,1,2,-12
2024,11,BAS,P012080,"LUWAWU-CABARROT, TIMOTHE",4,1,0,9,21:25,8,4,6,0,3,0,0,0,2,2,2,1,2,0,0,2,0,-15
2024,11,BAS,P004058,"JARAMAZ, OGNJEN",0,0,0,10,DNP,0,0,0,0,0,0,0,0,0,0,0,0,0,0,0,0,0,0
2024,11,BAS,P013367,"FORREST, TRENT",0,1,1,11,22:50,2,1,3,0,2,0,0,1,3,4,2,0,3,0,1,1,1,-3
2024,11,BAS,P011085,"ROGKAVOPOULOS, NIKOLAOS",7,0,1,17,14:13,8,1,3,2,5,0,0,2,1,3,1,1,1,1,0,1,0,-2
2024,11,BAS,P008072,"DIOP, KHALIFA",6,0,0,18,12:03,0,0,0,0,0,0,0,1,4,5,0,0,1,1,0,1,2,-10
2024,11,BAS,P012597,"BALDWIN, KAMAR",6,0,1,44,18:05,6,3,7,0,0,0,0,0,0,0,4,1,1,1,0,4,3,-1
2024,11,BAS,P011196,"HALL, DONTA",17,1,1,45,28:30,13,4,6,0,0,5,8,2,5,7,1,1,1,0,1,2,4,2
2024,11,BAS,P012058,"NDIAYE, OUSMANE",0,0,0,46,DNP,0,0,0,0,0,0,0,0,0,0,0,0,0,0,0,0,0,0
2024,11,BAS,P012201,"MONEKE, CHIMA",25,1,0,95,33:38,19,7,7,0,2,5,5,2,4,6,2,0,2,0,0,2,4,-1
2024,12,IST,P007200,"LARKIN, SHANE",12,0,1,0,24:27,9,2,3,1,5,2,2,0,0,0,6,1,1,0,0,1,3,-11
2024,12,IST,P006590,"BEAUBOIS, RODRIGUE",10,0,1,1,21:51,11,1,4,3,6,0,0,2,1,3,3,2,1,0,0,2,0,4
2024,12,IST,P013363,"NWORA, JORDAN",-2,0,1,3,13:48,5,2,3,0,6,1,1,0,1,1,2,0,1,0,1,3,2,-5
2024,12,IST,P009846,"BRYANT, ELIJAH",19,1,0,6,21:34,15,2,6,1,4,8,8,0,6,6,1,0,0,1,1,2,6,1
2024,12,IST,P007109,"SMITS, ROLANDS",0,0,0,11,11:05,0,0,1,0,2,0,0,0,2,2,0,0,0,0,0,0,1,-7
2024,12,IST,P011078,"THOMPSON, DARIUS",7,1,1,13,23:39,5,2,3,0,3,1,1,1,2,3,2,0,0,1,0,1,1,11
2024,12,IST,P013364,"JOHNSON, STANLEY",4,1,0,14,18:20,5,1,2,1,3,0,0,2,2,4,0,1,1,0,1,1,0,3
2024,12,IST,P004887,"POIRIER, VINCENT",6,0,0,17,11:53,3,1,1,0,0,1,2,0,0,0,1,0,0,2,0,0,1,-16
2024,12,IST,P006640,"OZDEMIROGLU, DOGUS",-1,0,0,18,01:13,0,0,0,0,1,0,0,0,0,0,0,0,0,0,0,0,0,-6
2024,12,IST,P012710,"OSMANI, ERCAN",4,1,0,24,11:50,2,1,2,0,0,0,0,0,1,1,1,1,0,1,0,1,0,-4
2024,12,IST,P012788,"OTURU, DAN",28,1,1,25,22:15,21,8,10,0,0,5,5,3,3,6,1,0,2,2,1,3,6,3
2024,12,IST,P009664,"WILLIS, DEREK",7,0,0,35,18:05,2,1,2,0,0,0,0,3,4,7,0,1,0,0,0,2,0,2
2024,12,ULK,P009863,"BALDWIN IV, WADE",5,1,1,2,30:38,15,2,10,3,7,2,2,1,2,3,2,1,4,0,2,1,3,-9
2024,12,ULK,P002849,"MELLI, NICOLO",2,0,0,4,20:45,2,1,3,0,1,0,0,0,4,4,0,1,0,2,0,4,0,15
2024,12,ULK,P002968,"SANLI, SERTAC",3,1,0,5,06:14,3,0,1,1,1,0,0,0,3,3,0,0,0,0,0,3,1,0
2024,12,ULK,P008962,"HAYES-DAVIS, NIGEL",11,1,1,11,25:35,11,1,8,3,4,0,0,4,1,5,5,0,1,2,3,1,1,-13
2024,12,ULK,P006961,"BIBEROVIC, TARIK",8,0,0,13,12:51,7,2,2,1,2,0,0,1,0,1,3,0,1,0,0,1,0,9
2024,12,ULK,P011205,"HALL, DEVON",0,0,1,20,20:11,0,0,2,0,1,0,0,1,1,2,1,0,1,0,0,0,1,15
2024,12,ULK,P010560,"PIERRE, DYSHAWN",0,0,0,21,DNP,0,0,0,0,0,0,0,0,0,0,0,0,0,0,0,0,0,0
2024,12,ULK,P004004,"GUDURIC, MARKO",12,1,1,23,20:30,8,1,2,2,4,0,0,0,6,6,3,0,0,0,0,3,1,-1
2024,12,ULK,P008104,"ZAGARS, ARTURS",12,0,1,32,13:57,11,2,3,2,2,1,2,0,0,0,3,0,1,0,0,0,1,12
2024,12,ULK,P009783,"COLSON, BONZIE",12,1,0,50,22:36,16,2,3,3,5,3,3,1,0,1,2,0,0,0,1,5,2,-10
2024,12,ULK,PLMG,"MARJANOVIC, BOBAN",0,0,0,51,DNP,0,0,0,0,0,0,0,0,0,0,0,0,0,0,0,0,0,0
2024,12,ULK,P007182,"BIRCH, KHEM",15,0,0,92,26:43,10,1,6,0,0,8,8,5,3,8,1,1,1,0,1,3,5,7
2024,13,ASV,P013371,"HARRISON, SHAQUILLE",14,1,1,1,24:06,13,3,7,2,3,1,4,3,4,7,2,1,1,0,0,4,4,5
2024,13,ASV,P013372,"SCHOFIELD, ADMIRAL",9,1,0,2,16:10,9,1,1,2,3,1,3,2,0,2,0,0,0,1,0,2,2,6
2024,13,ASV,PKIR,"KAHUDI, CHARLES",-3,0,1,5,06:31,0,0,0,0,1,0,0,0,0,0,0,0,0,0,0,2,0,-4
2024,13,ASV,P007027,"MALEDON, THEO",23,1,1,6,30:39,17,5,10,0,0,7,8,1,2,3,5,0,0,0,2,1,7,11
2024,13,ASV,P004194,"LAUVERGNE, JOFFREY",-1,0,0,7,15:28,2,1,6,0,0,0,0,4,3,7,0,0,3,0,0,2,0,-4
2024,13,ASV,P000229,"JACKSON, EDWIN",2,0,0,11,12:36,2,1,3,0,1,0,0,2,1,3,0,0,0,0,0,0,0,-4
2024,13,ASV,P002100,"DE COLO, NANDO",14,0,0,12,25:15,16,3,6,2,8,4,4,0,0,0,8,1,2,0,2,2,4,-12
2024,13,ASV,P010545,"SAKO, NEAL",30,1,1,13,26:08,19,9,11,0,0,1,2,5,6,11,0,2,0,2,0,3,2,6
2024,13,ASV,P003526,"LIGHTY, DAVID",7,1,1,23,21:56,5,1,1,1,2,0,0,0,2,2,0,2,0,0,0,1,0,11
2024,13,ASV,P012731,"NDIAYE, MBAYE",-3,0,0,24,10:57,3,0,1,1,4,0,0,1,1,2,0,0,1,0,0,3,0,-2
2024,13,ASV,P008991,"BLACK, TARIK",5,0,0,28,10:14,1,0,1,0,0,1,2,1,3,4,1,0,0,0,0,2,3,-3
2024,13,VIR,P009549,"CORDINIER, ISAIA",26,1,1,0,31:01,23,7,9,2,4,3,4,1,4,5,6,0,2,0,1,3,3,2
2024,13,VIR,PBCN,"BELINELLI, MARCO",4,0,1,3,19:04,6,1,4,1,2,1,1,0,1,1,1,1,1,1,0,1,0,5
2024,13,VIR,P006739,"PAJOLA, ALESSANDRO",13,0,0,6,25:12,11,0,0,3,5,2,2,0,4,4,5,0,1,0,0,5,1,-4
2024,13,VIR,P004888,"CLYBURN, WILL",9,1,0,8,21:46,9,3,6,0,1,3,3,0,1,1,1,2,2,0,1,1,4,-7
2024,13,VIR,P001133,"SHENGELIA, TORNIKE",13,1,1,21,29:09,9,3,9,0,1,3,6,2,3,5,5,0,1,1,0,3,7,-3
2024,13,VIR,P001844,"HACKETT, DANIEL",-1,1,0,23,05:37,0,0,0,0,0,0,0,0,0,0,1,1,0,0,0,3,0,-4
2024,13,VIR,P005738,"GRAZULIS, ANDREJS",0,0,0,24,DNP,0,0,0,0,0,0,0,0,0,0,0,0,0,0,0,0,0,0
2024,13,VIR,P012585,"MORGAN, MATTHEW",6,0,1,30,18:10,6,0,0,2,3,0,0,0,0,0,2,0,0,0,0,2,1,2
2024,13,VIR,P002084,"POLONARA, ACHILLE",4,0,1,33,15:42,2,1,3,0,1,0,0,0,2,2,3,0,0,1,0,1,0,2
2024,13,VIR,P013374,"DIOUF, MOUHAMET",17,0,0,35,17:21,15,6,7,0,0,3,5,3,1,4,0,0,0,0,0,3,4,11
2024,13,VIR,P004554,"ZIZIC, ANTE",3,1,0,41,16:58,4,2,3,0,0,0,0,0,0,0,0,0,1,1,1,0,1,-14
2024,13,VIR,P012591,"TUCKER, RAYJON",0,0,0,59,DNP,0,0,0,0,0,0,0,0,0,0,0,0,0,0,0,0,0,0
2024,14,PAN,P011209,"KALAITZAKIS, PANAGIOTIS",-2,0,1,0,05:43,0,0,0,0,0,0,0,0,0,0,0,0,0,0,0,2,0,6
2024,14,PAN,P009622,"BROWN, LORENZO",11,0,0,2,18:48,9,3,7,1,2,0,1,0,2,2,5,3,3,0,0,2,3,15
2024,14,PAN,P001926,"SLOUKAS, KOSTAS",-2,1,0,10,13:25,0,0,1,0,2,0,0,0,1,1,2,0,2,0,0,0,0,-6
2024,14,PAN,P004088,"OSMAN, CEDI",5,1,0,16,13:49,5,1,2,1,1,0,0,0,1,1,0,2,1,0,0,2,1,8
2024,14,PAN,P005161,"PAPAPETROU, IOANNIS",9,0,1,21,13:22,4,2,3,0,2,0,0,1,5,6,0,1,0,1,0,1,1,1
2024,14,PAN,P011204,"GRANT, JERIAN",18,0,1,22,19:27,11,3,4,1,1,2,3,1,2,3,2,3,1,0,0,1,3,18
2024,14,PAN,P012774,"NUNN, KENDRICK",20,1,1,25,29:23,17,3,7,3,6,2,2,0,4,4,7,1,2,0,1,1,2,4
2024,14,PAN,P003842,"LESSORT, MATHIAS",27,1,1,26,27:28,22,9,11,0,0,4,6,4,2,6,1,0,2,1,0,1,4,22
2024,14,PAN,P002328,"GRIGONIS, MARIUS",1,0,0,40,10:27,2,1,1,0,3,0,0,0,0,0,1,0,0,1,0,0,0,-3
2024,14,PAN,P012712,"HERNANGOMEZ, JUANCHO",19,0,0,41,23:46,12,3,6,2,3,0,0,5,6,11,0,1,0,0,0,2,1,8
2024,14,PAN,P007866,"MITOGLOU, KONSTANTINOS",2,1,0,44,11:54,4,2,4,0,0,0,0,1,2,3,0,0,0,0,0,3,0,9
2024,14,PAN,P005353,"YURTSEVEN, OMER",11,0,0,77,12:28,8,3,5,0,1,2,2,3,1,4,0,1,1,1,0,1,2,-7
2024,14,MUN,P010391,"WEILER-BABB, NICK",1,1,0,0,18:37,6,0,1,2,4,0,0,0,1,1,1,1,2,0,1,3,1,-6
2024,14,MUN,P011244,"DA SILVA, OSCAR",2,0,1,1,10:37,3,0,0,1,1,0,0,0,1,1,0,0,0,0,0,2,0,4
2024,14,MUN,P011987,"EDWARDS, CARSEN",4,0,1,3,21:55,14,5,10,0,4,4,4,0,1,1,1,0,1,0,1,4,3,-14
2024,14,MUN,P007201,"VOIGTMANN, JOHANNES",10,1,0,7,29:23,6,0,1,2,4,0,0,0,4,4,3,0,1,0,0,0,1,-19
2024,14,MUN,P011224,"NAPIER, SHABAZZ",10,0,0,8,18:21,8,1,2,1,2,3,3,2,0,2,1,2,3,0,0,0,2,-7
2024,14,MUN,P012123,"KHARCHENKOV, IVAN",2,0,1,10,02:16,0,0,0,0,0,0,0,0,0,0,1,1,0,0,0,0,0,-2
2024,14,MUN,P001288,"LUCIC, VLADIMIR",0,1,0,11,20:30,2,1,3,0,3,0,0,0,2,2,1,1,1,0,0,1,1,-14
2024,14,MUN,P004508,"OBST, ANDREAS",5,1,0,13,20:46,6,0,2,2,4,0,0,0,1,1,2,0,0,0,1,0,1,-5
2024,14,MUN,P007639,"BRANKOVIC, DANKO",7,0,1,22,14:04,8,2,3,0,0,4,4,3,0,3,0,0,2,1,0,4,2,-3
2024,14,MUN,P007056,"BOOKER, DEVIN",19,1,0,31,25:56,15,5,9,1,3,2,3,3,4,7,3,2,0,0,1,3,3,-12
2024,14,MUN,P011052,"MADAR, YAM",14,0,1,41,17:35,11,5,7,0,2,1,1,0,2,2,6,1,4,0,0,0,2,3
2024,15,MAD,P003733,"ABALDE, ALBERTO",7,0,0,6,10:42,4,1,1,0,3,2,2,1,3,4,1,0,0,0,0,0,1,5
2024,15,MAD,P005928,"CAMPAZZO, FACUNDO",22,0,1,7,27:45,8,1,2,2,4,0,0,0,6,6,11,0,2,0,0,1,3,10
2024,15,MAD,P013378,"RATHAN-MAYES, XAVIER",12,0,0,8,20:50,12,0,1,4,4,0,0,0,0,0,2,2,2,0,0,3,2,19
2024,15,MAD,P011649,"GONZALEZ, HUGO",0,0,0,9,DNP,0,0,0,0,0,0,0,0,0,0,0,0,0,0,0,0,0,0
2024,15,MAD,P003108,"HEZONJA, MARIO",9,1,0,11,17:05,10,2,7,1,3,3,3,0,3,3,0,0,1,0,1,0,5,-1
2024,15,MAD,P006540,"MUSA, DZANAN",12,1,0,13,19:55,12,2,4,1,3,5,5,2,2,4,0,0,1,0,1,1,3,5
2024,15,MAD,P009005,"DECK, GABRIEL",8,0,1,14,23:49,10,4,5,0,1,2,4,0,1,1,0,0,0,0,0,2,3,7
2024,15,MAD,P003583,"IBAKA, SERGE",20,0,1,18,21:17,15,6,7,0,1,3,4,5,2,7,3,0,2,2,0,4,2,4
2024,15,MAD,P005791,"TAVARES, WALTER",6,1,0,22,13:25,8,4,5,0,0,0,0,1,2,3,1,0,2,1,0,4,0,-3
2024,15,MAD,PTGB,"LLULL, SERGIO",1,0,1,23,13:37,2,1,1,0,4,0,0,0,2,2,0,1,0,0,0,0,0,-2
2024,15,MAD,P011247,"FELIZ, ANDRES",1,1,0,24,06:30,2,1,1,0,1,0,0,0,0,0,1,0,1,0,0,0,0,-7
2024,15,MAD,P009213,"NDIAYE, ELI",11,1,1,30,25:05,10,1,1,2,3,2,3,1,2,3,0,1,0,0,0,3,2,-2
2024,15,PAR,P007870,"DAVIES, BRANDON",7,1,0,0,25:05,8,2,3,1,4,1,2,0,5,5,2,0,1,0,0,5,3,0
2024,15,PAR,P010781,"LUNDBERG, IFFE",-1,1,0,1,12:55,6,3,8,0,1,0,0,1,1,2,0,1,1,0,1,3,1,2
2024,15,PAR,P013369,"JONES, CARLIK",16,0,1,2,24:24,15,3,6,2,4,3,3,0,1,1,3,0,0,0,1,0,3,-9
2024,15,PAR,P006591,"NTILIKINA, FRANK",5,0,1,3,20:57,11,1,2,3,5,0,0,0,0,0,1,0,1,0,0,3,0,-2
2024,15,PAR,P011050,"KOPRIVICA, BALSA",0,0,0,5,DNP,0,0,0,0,0,0,0,0,0,0,0,0,0,0,0,0,0,0
2024,15,PAR,P007632,"NAKIC, MARIO",7,1,0,7,10:53,5,0,0,1,2,2,2,1,1,2,0,1,0,1,0,2,1,0
2024,15,PAR,P004761,"MARINKOVIC, VANJA",12,0,0,9,21:19,12,2,3,2,2,2,3,1,1,2,4,1,4,0,0,2,1,-5
2024,15,PAR,P008232,"POKUSEVSKI, ALEKSEJ",1,0,0,11,03:34,0,0,0,0,0,0,0,0,0,0,1,1,0,0,0,1,0,-4
2024,15,PAR,P012720,"BROWN, STERLING",13,1,1,12,24:16,12,2,4,2,4,2,2,1,3,4,2,1,1,0,1,1,1,-3
2024,15,PAR,P006760,"BONGA, ISAAC",12,1,1,17,34:13,6,0,0,2,6,0,0,0,4,4,6,1,2,1,0,1,1,-8
2024,15,PAR,P007736,"LAKIC, ARIJAN",0,0,0,19,DNP,0,0,0,0,0,0,0,0,0,0,0,0,0,0,0,0,0,0
2024,15,PAR,P011981,"JONES, TYRIQUE",16,0,1,88,22:24,11,3,5,0,0,5,8,1,3,4,2,1,1,0,0,3,7,-6
2024,16,MIL,P006085,"DIMITRIJEVIC, NENO",2,1,0,1,26:17,9,0,2,3,7,0,0,0,3,3,0,0,3,0,0,1,0,6
2024,16,MIL,P006701,"BORTOLANI, GIORDANO",2,0,0,3,03:41,3,1,2,0,1,1,2,1,0,1,0,0,0,0,0,0,1,-3
2024,16,MIL,P001392,"CAUSEUR, FABIEN",9,0,1,5,19:10,5,0,2,0,1,5,6,1,1,2,4,1,2,0,0,1,4,3
2024,16,MIL,P006509,"TONUT, STEFANO",-1,0,1,7,14:42,2,1,1,0,0,0,0,0,1,1,0,0,0,0,0,4,0,-5
2024,16,MIL,P013384,"BROOKS, ARMONI",-3,0,0,12,12:31,2,1,1,0,4,0,0,0,5,5,0,0,2,0,0,4,0,-8
2024,16,MIL,P008987,"LEDAY, ZACH",11,0,1,16,28:36,13,3,6,2,3,1,2,0,2,2,0,0,0,0,1,2,4,7
2024,16,MIL,P001518,"RICCI, GIAMPAOLO",9,1,1,17,18:51,5,0,0,1,2,2,2,3,2,5,0,0,0,0,0,2,2,18
2024,16,MIL,P013385,"DIOP, OUSMANE",6,0,0,25,09:59,4,2,3,0,0,0,0,3,3,6,0,1,2,0,0,3,1,2
2024,16,MIL,P006721,"CARUSO, GUGLIELMO",0,0,0,30,DNP,0,0,0,0,0,0,0,0,0,0,0,0,0,0,0,0,0,0
2024,16,MIL,P007831,"SHIELDS, SHAVON",29,1,0,31,30:18,21,5,8,1,4,8,11,1,5,6,5,1,1,0,0,1,7,6
2024,16,MIL,P000796,"MIROTIC, NIKOLA",23,1,1,33,28:14,15,4,6,2,3,1,1,0,6,6,2,2,2,1,0,2,4,3
2024,16,MIL,P013386,"MC CORMACK, DAVID",-5,1,0,35,07:41,0,0,1,0,0,0,0,0,1,1,0,0,2,0,0,3,0,-4
2024,16,PRS,P012608,"SHORTS, TJ",21,1,1,0,27:05,17,7,13,0,2,3,4,0,4,4,8,0,1,0,0,0,2,-12
2024,16,PRS,P012609,"MALCOLM, COLLIN",8,0,0,1,21:34,12,4,5,1,4,1,2,0,1,1,1,0,0,0,0,2,1,1
2024,16,PRS,P012640,"HIFI, NADIR",4,0,0,2,15:14,9,1,3,2,6,1,2,0,1,1,0,2,1,0,0,2,2,10
2024,16,PRS,P012610,"WARD, TYSON",1,1,1,3,26:15,5,2,4,0,4,1,3,0,2,2,0,1,1,0,1,3,6,-16
2024,16,PRS,P013373,"CAVALIERE, LEOPOLD",3,0,0,4,02:16,2,1,1,0,0,0,0,0,0,0,0,0,0,0,0,0,1,-1
2024,16,PRS,P005793,"SY, BANDJA",8,0,0,5,14:36,3,0,0,1,2,0,0,2,5,7,1,1,0,0,0,3,0,5
2024,16,PRS,P012611,"HERRERA, SEBASTIAN",0,0,0,7,DNP,0,0,0,0,0,0,0,0,0,0,0,0,0,0,0,0,0,0
2024,16,PRS,P004512,"KRATZER, LEON",-1,0,0,8,10:39,2,1,1,0,0,0,0,0,0,0,0,1,1,0,0,4,1,5
2024,16,PRS,P007032,"LO, MAODO",4,0,1,12,15:42,6,2,2,0,3,2,4,0,1,1,2,0,0,0,0,2,2,3
2024,16,PRS,P010390,"HAYES, KEVARRIUS",9,1,1,13,25:24,9,3,6,0,0,3,4,6,0,6,0,0,2,1,0,4,3,-9
2024,16,PRS,P012613,"JANTUNEN, MIKAEL",14,1,1,20,27:05,9,0,0,2,4,3,4,0,6,6,0,1,1,0,0,3,5,-10
2024,16,PRS,P004197,"OUATTARA, YAKUBA",-4,1,0,24,14:10,0,0,3,0,1,0,0,0,1,1,0,0,0,0,0,1,0,-1
2024,17,BAR,P009862,"PUNTER, KEVIN",15,1,1,0,21:41,14,4,7,2,6,0,0,0,3,3,2,2,1,0,1,0,3,6
2024,17,BAR,P012795,"ANDERSON, JUSTIN",13,0,1,1,18:16,7,3,3,0,0,1,1,1,4,5,0,2,1,2,0,3,1,-2
2024,17,BAR,P000925,"VESELY, JAN",14,1,1,6,18:31,10,4,5,0,0,2,2,1,2,3,1,1,1,2,0,2,1,4
2024,17,BAR,P009992,"BRIZUELA, DARIO",16,0,0,8,15:15,18,6,8,2,4,0,0,0,2,2,0,1,0,0,1,1,1,12
2024,17,BAR,P013379,"METU, CHIMEZIE",1,0,0,10,18:24,9,3,5,1,7,0,0,0,0,0,0,1,0,2,0,4,1,10
2024,17,BAR,P002939,"SATORANSKY, TOMAS",13,0,0,13,18:52,0,0,1,0,0,0,0,0,1,1,8,5,0,0,1,1,2,4
2024,17,BAR,P003196,"HERNANGOMEZ, WILLY",9,0,0,14,15:29,7,3,3,0,0,1,2,2,3,5,1,0,2,0,0,2,1,13
2024,17,BAR,P010106,"NUNEZ, JUAN",2,1,0,17,08:48,0,0,2,0,0,0,0,0,1,1,3,1,0,0,0,1,0,6
2024,17,BAR,P006568,"FALL, YOUSSOUPHA",3,0,0,19,04:22,0,0,0,0,0,0,0,1,2,3,0,0,0,0,0,0,0,1
2024,17,BAR,P006435,"LAPROVITTOLA, NICOLAS",6,0,1,20,17:28,6,0,3,2,4,0,0,0,0,0,7,0,1,0,0,2,1,4
2024,17,BAR,P003478,"ABRINES, ALEX",9,1,0,21,19:40,9,0,0,3,5,0,0,1,3,4,1,0,1,0,0,2,0,15
2024,17,BAR,P012745,"PARKER, JABARI",11,1,1,22,23:14,8,2,4,1,2,1,2,0,3,3,4,1,3,0,0,0,2,2
2024,17,BER,P008384,"PROCIDA, GABRIELE",-2,0,0,1,10:43,2,1,1,0,5,0,0,0,1,1,0,0,0,0,0,0,0,-11
2024,17,BER,P008173,"SPAGNOLO, MATTEO",4,1,1,3,25:55,7,3,4,0,2,1,2,1,3,4,1,0,5,0,0,1,2,-7
2024,17,BER,P011934,"WETZELL, YANNI",0,1,1,5,19:37,7,3,7,0,0,1,2,0,2,2,1,0,2,0,2,4,3,-18
2024,17,BER,P008062,"MCDOWELL-WHITE, WILL",13,0,0,7,13:28,12,3,4,2,2,0,0,0,0,0,1,1,1,0,0,0,1,-9
2024,17,BER,P007025,"MATTISSECK, JONAS",-1,0,0,9,02:28,0,0,1,0,0,0,0,0,0,0,0,0,0,0,0,0,0,-2
2024,17,BER,P006251,"SCHNEIDER, TIM",2,0,0,10,05:26,3,0,0,1,1,0,0,0,0,0,0,0,1,0,0,1,1,-6
2024,17,BER,P008780,"HERMANNSSON, MARTIN",11,1,1,15,27:26,13,5,10,0,1,3,4,0,2,2,5,0,2,0,2,2,4,-1
2024,17,BER,P006919,"OLINDE, LOUIS",10,1,0,19,23:48,7,3,4,0,2,1,3,2,3,5,1,1,1,1,1,1,3,-8
2024,17,BER,P010791,"KOUMADJE, KHALIFA",17,0,0,21,24:43,8,3,6,0,0,2,4,1,7,8,2,1,1,2,0,0,2,3
2024,17,BER,P011631,"RAPIEQUE, ELIAS",7,0,1,25,10:23,6,3,3,0,3,0,0,1,0,1,2,1,0,0,1,0,1,-2
2024,17,BER,P012721,"BEAN, JUSTIN",5,0,1,34,16:12,0,0,1,0,0,0,0,2,3,5,1,0,0,0,0,1,1,-7
2024,17,BER,P012604,"WILLIAMS, TREVION",1,1,0,50,19:51,8,4,6,0,2,0,0,2,1,3,0,0,3,0,0,3,0,-7
2024,18,OLY,P008855,"WALKUP, THOMAS",6,1,1,0,19:37,2,0,2,0,0,2,2,1,1,2,7,0,1,0,1,4,3,-4
2024,18,OLY,P007982,"WILLIAMS-GOSS, NIGEL",11,0,0,1,14:34,9,4,6,0,0,1,3,1,2,3,3,0,2,0,0,0,2,11
2024,18,OLY,P012878,"WRIGHT, MOSES",4,1,0,2,21:41,2,0,2,0,1,2,4,0,6,6,1,1,1,2,0,4,2,13
2024,18,OLY,P007947,"VILDOZA, LUCA",6,1,0,8,23:33,5,1,1,1,3,0,0,0,2,2,2,1,2,0,0,0,0,16
2024,18,OLY,P008811,"FALL, MOUSTAPHA",0,0,0,10,06:28,2,1,1,0,0,0,3,0,0,0,1,0,1,0,0,2,3,-3
2024,18,OLY,P003469,"VEZENKOV, SASHA",30,1,1,14,24:38,17,3,4,0,1,11,13,3,8,11,1,1,1,0,0,2,7,-2
2024,18,OLY,P001255,"PAPANIKOLAOU, KOSTAS",11,0,1,16,19:20,7,0,0,2,3,1,2,1,4,5,1,0,0,0,0,3,3,-5
2024,18,OLY,P009849,"DORSEY, TYLER",-1,0,0,22,16:23,2,1,1,0,4,0,0,0,2,2,1,0,3,0,0,2,3,-8
2024,18,OLY,P008829,"PETERS, ALEC",6,0,1,25,15:36,5,2,2,0,1,1,1,1,1,2,0,0,0,0,0,1,1,10
2024,18,OLY,P011194,"PETRUSEV, FILIP",2,0,0,30,11:37,8,1,3,0,1,6,8,2,1,3,1,0,4,0,0,5,4,-6
2024,18,OLY,P007853,"MCKISSIC, SHAQUIELLE",0,0,0,77,01:48,0,0,0,0,0,0,0,0,0,0,0,0,0,0,0,0,0,-1
2024,18,OLY,P013380,"FOURNIER, EVAN",16,1,1,94,24:45,15,4,8,1,3,4,7,3,2,5,0,2,2,1,0,0,4,9
2024,18,ZAL,P011925,"WALLACE, TYRONE",-8,1,0,1,06:41,2,1,4,0,1,0,0,0,1,1,0,0,4,0,1,2,0,-2
2024,18,ZAL,P007975,"FRANCISCO, SYLVAIN",13,0,1,3,23:10,13,1,3,2,8,5,7,0,1,1,6,0,1,0,1,3,8,-10
2024,18,ZAL,P003210,"LEKAVICIUS, LUKAS",0,0,1,4,10:08,3,0,2,1,2,0,0,0,0,0,1,0,1,0,0,0,0,5
2024,18,ZAL,P011983,"BRAZDEIKIS, IGNAS",9,1,0,8,17:33,5,1,3,0,0,3,4,0,4,4,1,2,2,1,0,2,3,-1
2024,18,ZAL,P007513,"GIEDRAITIS, DOVYDAS",8,1,1,9,28:33,9,3,4,1,4,0,0,2,2,4,0,1,0,0,1,2,1,0
2024,18,ZAL,P005504,"BIRUTIS, LAURYNAS",2,1,0,15,09:33,4,2,3,0,0,0,0,2,0,2,0,0,1,0,0,3,1,-1
2024,18,ZAL,P011051,"SMAILAGIC, ALEN",6,0,0,18,11:20,7,2,3,1,4,0,0,0,2,2,1,1,0,0,0,2,1,4
2024,18,ZAL,P012622,"MITCHELL, MATTHEW",-4,0,1,21,06:47,0,0,2,0,1,0,0,1,0,1,0,0,1,0,0,1,0,-8
2024,18,ZAL,P003048,"DUNSTON, BRYANT",3,0,0,42,21:16,3,1,4,0,0,1,2,4,2,6,0,1,0,0,0,5,2,-8
2024,18,ZAL,P002676,"BUTKEVICIUS, ARNAS",-2,1,0,51,18:59,1,0,1,0,2,1,2,0,2,2,1,1,0,0,0,5,2,13
2024,18,ZAL,P007029,"SIRVYDIS, DEIVIDAS",15,0,1,91,25:13,17,2,3,3,10,4,7,1,3,4,3,1,0,0,0,2,3,-5
2024,18,ZAL,P002329,"ULANOVAS, EDGARAS",-1,0,0,92,20:47,4,1,3,0,3,2,3,2,2,4,1,0,0,0,0,5,1,-17
2024,19,BER,P008384,"PROCIDA, GABRIELE",0,1,0,1,14:31,2,1,2,0,2,0,0,0,4,4,1,0,2,0,0,2,0,-14
2024,19,BER,P008173,"SPAGNOLO, MATTEO",16,0,1,3,23:05,16,5,11,1,2,3,4,1,0,1,4,1,1,0,0,2,5,7
2024,19,BER,P011934,"WETZELL, YANNI",13,1,0,5,22:14,11,4,8,0,1,3,3,2,4,6,1,1,3,1,2,3,6,-16
2024,19,BER,P008062,"MCDOWELL-WHITE, WILL",0,0,0,7,DNP,0,0,0,0,0,0,0,0,0,0,0,0,0,0,0,0,0,0
2024,19,BER,P007025,"MATTISSECK, JONAS",3,0,0,9,15:49,0,0,0,0,2,0,0,0,3,3,2,1,0,0,0,2,1,24
2024,19,BER,P006251,"SCHNEIDER, TIM",14,0,1,10,13:50,11,3,3,1,3,2,2,3,1,4,0,0,0,0,0,1,2,16
2024,19,BER,P008780,"HERMANNSSON, MARTIN",20,1,1,15,25:38,21,4,6,3,4,4,4,0,2,2,2,0,3,0,0,1,2,-6
2024,19,BER,P006919,"OLINDE, LOUIS",4,1,0,19,26:37,8,4,6,0,5,0,0,1,2,3,3,2,0,0,0,5,0,-16
2024,19,BER,P010791,"KOUMADJE, KHALIFA",4,1,0,21,14:45,0,0,1,0,0,0,0,2,3,5,0,0,1,2,0,1,0,-14
2024,19,BER,P011631,"RAPIEQUE, ELIAS",0,0,0,25,DNP,0,0,0,0,0,0,0,0,0,0,0,0,0,0,0,0,0,0
2024,19,BER,P012721,"BEAN, JUSTIN",0,0,1,34,22:25,3,0,1,1,4,0,0,2,2,4,1,0,1,1,0,4,0,14
2024,19,BER,P012604,"WILLIAMS, TREVION",19,0,1,50,21:06,12,2,4,1,4,5,8,4,7,11,6,0,3,1,0,4,4,30
2024,19,ASV,P013371,"HARRISON, SHAQUILLE",2,0,0,1,09:10,2,1,1,0,0,0,0,0,1,1,0,0,0,0,0,2,1,-18
2024,19,ASV,P013372,"SCHOFIELD, ADMIRAL",1,1,1,2,09:32,3,0,0,1,2,0,0,0,1,1,1,0,1,0,0,2,0,0
2024,19,ASV,P011225,"LEE, PARIS",17,1,1,3,28:22,16,1,6,3,5,5,5,0,1,1,2,2,0,0,1,1,5,18
2024,19,ASV,PKIR,"KAHUDI, CHARLES",-3,0,0,5,15:54,0,0,1,0,1,0,0,0,2,2,0,0,1,0,0,3,1,-17
2024,19,ASV,P007027,"MALEDON, THEO",22,1,1,6,27:19,17,3,5,1,5,8,10,2,5,7,2,2,3,0,0,1,6,13
2024,19,ASV,P000229,"JACKSON, EDWIN",4,0,1,11,27:17,10,2,6,2,4,0,0,0,1,1,1,0,1,0,0,1,0,1
2024,19,ASV,P002100,"DE COLO, NANDO",7,0,0,12,15:59,10,3,5,0,2,4,4,0,0,0,2,0,4,0,0,2,5,-24
2024,19,ASV,P010545,"SAKO, NEAL",20,1,0,13,31:17,12,4,7,0,0,4,7,5,8,13,1,2,1,2,2,5,4,10
2024,19,ASV,P003526,"LIGHTY, DAVID",12,1,1,23,26:44,9,0,3,2,3,3,4,0,4,4,2,0,0,0,1,0,3,6
2024,19,ASV,P008991,"BLACK, TARIK",-4,0,0,28,08:26,0,0,1,0,0,0,0,1,0,1,0,0,0,0,1,3,0,-14
2024,19,ASV,P012263,"SISSOKO, YOHANN",0,0,0,30,DNP,0,0,0,0,0,0,0,0,0,0,0,0,0,0,0,0,0,0
2024,20,ULK,P003091,"BIRSEN, METECAN",0,0,0,1,DNP,0,0,0,0,0,0,0,0,0,0,0,0,0,0,0,0,0,0
2024,20,ULK,P009863,"BALDWIN IV, WADE",0,1,1,2,29:20,3,0,2,1,4,0,0,1,2,3,5,1,5,0,0,3,1,-14
2024,20,ULK,P002849,"MELLI, NICOLO",-5,0,1,4,16:37,1,0,0,0,3,1,2,0,0,0,0,0,2,0,0,2,2,0
2024,20,ULK,P002968,"SANLI, SERTAC",4,0,1,5,15:00,2,1,2,0,0,0,0,3,2,5,3,0,2,1,0,4,0,-11
2024,20,ULK,P002969,"MAHMUTOGLU, MELIH",3,0,1,10,08:06,3,0,0,1,2,0,0,0,1,1,0,0,0,0,0,0,0,-11
2024,20,ULK,P008962,"HAYES-DAVIS, NIGEL",25,1,0,11,31:19,20,3,7,4,5,2,2,2,6,8,0,1,2,0,1,1,5,-12
2024,20,ULK,P011205,"HALL, DEVON",9,0,0,20,26:14,10,4,7,0,4,2,3,0,2,2,3,1,0,0,1,2,4,-1
2024,20,ULK,P010560,"PIERRE, DYSHAWN",3,0,0,21,17:20,5,0,3,1,1,2,2,1,0,1,0,0,1,1,1,0,1,-4
2024,20,ULK,P008104,"ZAGARS, ARTURS",0,1,0,32,15:58,2,0,2,0,1,2,2,0,2,2,1,0,2,0,0,4,4,-12
2024,20,ULK,P009783,"COLSON, BONZIE",3,1,1,50,23:52,9,3,7,0,3,3,4,1,3,4,1,0,2,0,0,3,2,-17
2024,20,ULK,PLMG,"MARJANOVIC, BOBAN",-2,1,0,51,05:16,0,0,1,0,0,0,0,0,0,0,0,0,0,0,0,1,0,-12
2024,20,ULK,P007182,"BIRCH, KHEM",3,0,0,92,10:58,2,1,1,0,0,0,0,0,2,2,0,1,1,0,0,1,0,-1
2024,20,RED,P009048,"MILLER-MCINTYRE, CODI",19,1,1,0,26:32,8,1,4,1,1,3,4,1,2,3,8,0,0,0,0,1,5,18
2024,20,RED,P010612,"CANAAN, ISAIAH",-5,1,0,3,19:43,3,0,2,1,6,0,0,0,0,0,2,2,2,0,2,3,2,8
2024,20,RED,PJDR,"TEODOSIC, MILOS",4,0,0,4,07:06,2,0,0,0,1,2,2,0,1,1,1,0,0,0,0,0,1,2
2024,20,RED,P007960,"DAVIDOVAC, DEJAN",-1,0,0,7,05:54,0,0,0,0,0,0,0,0,0,0,0,0,0,0,0,1,0,7
2024,20,RED,P002553,"MITROVIC, LUKA",5,0,0,9,08:49,7,2,3,0,0,3,4,1,1,2,1,0,3,0,0,2,2,2
2024,20,RED,P004866,"KALINIC, NIKOLA",9,1,1,12,32:10,7,1,2,1,4,2,4,0,4,4,1,2,2,1,0,3,5,15
2024,20,RED,P004007,"DOBRIC, OGNJEN",-1,0,0,13,01:56,0,0,0,0,0,0,0,0,0,0,0,0,0,0,0,1,0,-1
2024,20,RED,P009035,"BOLOMBOY, JOEL",25,1,1,21,31:11,18,6,8,2,2,0,0,2,9,11,1,1,2,1,0,3,0,17
2024,20,RED,P012786,"DAUM, MIKE",18,1,1,24,30:18,14,5,5,1,5,1,1,2,3,5,1,1,0,0,0,1,2,21
2024,20,RED,P006436,"GIEDRAITIS, ROKAS",4,0,0,31,10:44,0,0,0,0,0,0,0,0,1,1,1,1,0,1,0,1,1,-2
2024,20,RED,P000848,"NEDOVIC, NEMANJA",17,0,1,36,19:46,17,2,3,4,8,1,2,1,1,2,3,1,0,0,0,2,2,10
2024,20,RED,P012044,"DOS SANTOS, YAGO",-2,0,0,99,05:51,0,0,2,0,1,0,0,0,1,1,0,0,0,0,0,1,1,-2
2024,21,OLY,P008855,"WALKUP, THOMAS",11,1,0,0,22:17,2,1,2,0,1,0,0,0,3,3,8,1,1,0,0,2,2,8
2024,21,OLY,P012878,"WRIGHT, MOSES",4,0,0,2,21:01,5,1,1,0,2,3,4,0,2,2,1,0,3,1,0,2,3,7
2024,21,OLY,P010392,"LARENTZAKIS, GIANNOULIS",-1,0,1,5,01:45,0,0,0,0,1,0,0,0,0,0,0,0,0,0,0,0,0,0
2024,21,OLY,P007947,"VILDOZA, LUCA",9,0,1,8,17:43,9,1,1,2,4,1,2,0,1,1,2,2,1,0,0,2,1,13
2024,21,OLY,P008811,"FALL, MOUSTAPHA",4,1,0,10,12:26,2,1,1,0,0,0,0,1,3,4,4,0,3,1,0,5,1,11
2024,21,OLY,P003469,"VEZENKOV, SASHA",31,1,0,14,23:39,22,3,6,3,5,7,8,2,5,7,1,2,0,0,0,1,6,12
2024,21,OLY,P001255,"PAPANIKOLAOU, KOSTAS",15,1,0,16,25:25,13,5,5,1,3,0,1,0,2,2,1,1,0,2,0,2,1,14
2024,21,OLY,P009849,"DORSEY, TYLER",-1,0,0,22,08:30,0,0,1,0,1,0,0,0,1,1,1,0,0,0,0,1,0,9
2024,21,OLY,P008829,"PETERS, ALEC",7,0,1,25,16:21,9,1,2,2,2,1,1,0,2,2,0,0,1,0,1,2,1,9
2024,21,OLY,P011194,"PETRUSEV, FILIP",0,0,1,30,06:33,0,0,2,0,0,0,0,0,3,3,0,0,1,0,0,0,0,3
2024,21,OLY,P007853,"MCKISSIC, SHAQUIELLE",25,0,1,77,22:33,22,4,6,3,3,5,5,0,3,3,2,0,1,0,1,1,3,13
2024,21,OLY,P013380,"FOURNIER, EVAN",-1,1,0,94,21:47,5,1,3,1,5,0,0,0,1,1,0,1,0,0,1,1,0,6
2024,21,MIL,P006085,"DIMITRIJEVIC, NENO",12,1,0,1,27:34,6,1,6,1,4,1,2,2,3,5,7,1,1,0,0,1,4,-11
2024,21,MIL,P001392,"CAUSEUR, FABIEN",3,0,1,5,16:15,4,0,1,1,2,1,2,1,1,2,0,1,0,0,1,2,2,-5
2024,21,MIL,P006509,"TONUT, STEFANO",-4,1,0,7,05:53,0,0,2,0,1,0,0,0,1,1,0,0,1,1,1,1,0,-9
2024,21,MIL,P008985,"BOLMARO, LEANDRO",5,0,1,10,19:13,7,2,7,1,1,0,0,1,1,2,1,1,1,0,0,0,0,-14
2024,21,MIL,P013384,"BROOKS, ARMONI",-2,0,0,12,04:26,0,0,1,0,1,0,0,0,0,0,0,0,0,0,0,0,0,-4
2024,21,MIL,P008987,"LEDAY, ZACH",18,0,0,16,26:27,16,4,7,1,1,5,6,2,3,5,2,0,2,0,0,3,4,-14
2024,21,MIL,P001518,"RICCI, GIAMPAOLO",10,0,1,17,18:09,11,1,1,3,4,0,0,0,2,2,0,0,1,1,0,2,0,-12
2024,21,MIL,P005670,"FLACCADORI, DIEGO",0,0,1,21,01:45,0,0,0,0,0,0,0,0,0,0,0,0,0,0,0,0,0,0
2024,21,MIL,P013385,"DIOP, OUSMANE",13,1,1,25,20:57,14,6,9,0,0,2,2,4,1,5,1,0,1,0,0,4,1,-26
2024,21,MIL,P007831,"SHIELDS, SHAVON",7,1,0,31,27:59,5,1,4,1,3,0,0,0,5,5,6,0,3,0,2,1,2,-9
2024,21,MIL,P000796,"MIROTIC, NIKOLA",12,1,0,33,24:58,5,2,6,0,3,1,2,3,5,8,2,1,2,1,0,0,5,-4
2024,21,MIL,P013386,"MC CORMACK, DAVID",-3,0,0,35,06:24,0,0,1,0,0,0,0,0,1,1,1,1,2,0,0,4,1,3
2024,22,BAS,P011948,"HOWARD, MARKUS",8,1,1,0,17:49,15,1,4,3,6,4,4,1,1,2,1,0,2,0,1,3,2,3
2024,22,BAS,P010784,"SAVKOV, PAVEL",0,0,0,6,DNP,0,0,0,0,0,0,0,0,0,0,0,0,0,0,0,0,0,0
2024,22,BAS,P007230,"SEDEKERSKIS, TADAS",17,1,1,8,24:06,8,1,2,2,4,0,0,3,5,8,5,0,1,0,0,0,0,-5
2024,22,BAS,P012080,"LUWAWU-CABARROT, TIMOTHE",1,0,1,9,23:31,9,3,7,1,2,0,0,1,0,1,1,1,2,0,2,3,1,3
2024,22,BAS,P004058,"JARAMAZ, OGNJEN",0,0,0,10,03:40,0,0,1,0,0,0,0,0,0,0,1,0,0,0,0,0,0,0
2024,22,BAS,P013367,"FORREST, TRENT",10,0,0,11,15:52,8,4,6,0,1,0,0,0,3,3,4,0,1,0,0,2,1,4
2024,22,BAS,P011085,"ROGKAVOPOULOS, NIKOLAOS",2,0,0,17,14:45,5,2,4,0,3,1,1,0,1,1,1,0,0,0,1,1,2,9
2024,22,BAS,P008072,"DIOP, KHALIFA",15,0,0,18,28:19,8,3,6,0,0,2,2,1,6,7,0,1,0,0,1,1,4,9
2024,22,BAS,P012597,"BALDWIN, KAMAR",-4,1,1,44,20:27,3,0,5,1,3,0,0,0,0,0,2,1,1,0,0,2,0,0
2024,22,BAS,P011196,"HALL, DONTA",0,1,0,45,09:21,0,0,1,0,0,0,0,0,2,2,0,0,0,0,0,1,0,-5
2024,22,BAS,P012058,"NDIAYE, OUSMANE",8,1,0,46,14:31,6,3,3,0,3,0,0,2,1,3,1,0,0,1,0,0,0,-5
2024,22,BAS,P012201,"MONEKE, CHIMA",21,0,1,95,27:39,14,1,2,3,4,3,4,1,4,5,2,1,1,0,0,0,3,7
2024,22,MAD,P003733,"ABALDE, ALBERTO",1,0,0,6,07:59,2,1,1,0,1,0,0,0,0,0,1,0,0,0,0,1,0,-11
2024,22,MAD,P013378,"RATHAN-MAYES, XAVIER",1,0,0,8,15:07,3,0,2,1,4,0,0,0,2,2,4,0,3,0,0,0,0,0
2024,22,MAD,P011649,"GONZALEZ, HUGO",0,0,0,9,DNP,0,0,0,0,0,0,0,0,0,0,0,0,0,0,0,0,0,0
2024,22,MAD,P003108,"HEZONJA, MARIO",12,1,1,11,27:37,13,2,4,3,10,0,0,1,5,6,4,0,1,0,0,1,0,-8
2024,22,MAD,P006540,"MUSA, DZANAN",12,1,1,13,33:27,17,5,10,1,6,4,4,0,1,1,4,0,2,0,1,1,4,3
2024,22,MAD,P009005,"DECK, GABRIEL",11,0,1,14,25:47,11,4,5,1,3,0,0,0,0,0,2,1,0,1,0,2,1,-5
2024,22,MAD,P012168,"GUEYE, SIDI",0,0,0,15,DNP,0,0,0,0,0,0,0,0,0,0,0,0,0,0,0,0,0,0
2024,22,MAD,P003583,"IBAKA, SERGE",4,0,0,18,06:49,5,1,1,1,2,0,0,0,0,0,0,0,0,0,0,1,1,-7
2024,22,MAD,P005791,"TAVARES, WALTER",29,1,1,22,33:02,14,7,9,0,0,0,1,9,6,15,2,1,3,3,0,2,2,1
2024,22,MAD,PTGB,"LLULL, SERGIO",12,1,1,23,23:32,5,1,2,1,5,0,0,0,3,3,7,1,1,0,0,2,4,2
2024,22,MAD,P009213,"NDIAYE, ELI",4,1,0,30,26:40,2,1,1,0,2,0,0,2,4,6,1,0,1,1,0,4,1,5
2024,23,PRS,P012608,"SHORTS, TJ",17,1,1,0,27:25,16,7,12,0,3,2,7,1,2,3,7,2,2,0,2,2,8,-6
2024,23,PRS,P012609,"MALCOLM, COLLIN",12,0,0,1,23:36,14,1,3,3,6,3,4,0,2,2,0,1,0,1,1,2,3,10
2024,23,PRS,P012640,"HIFI, NADIR",17,0,1,2,20:17,20,4,6,3,7,3,3,0,1,1,2,1,1,0,0,2,2,3
2024,23,PRS,P012610,"WARD, TYSON",12,1,1,3,23:17,9,2,6,1,4,2,2,2,5,7,4,0,1,0,0,2,2,-19
2024,23,PRS,P013373,"CAVALIERE, LEOPOLD",-2,0,0,4,09:23,0,0,0,0,0,0,0,0,2,2,0,0,2,0,0,4,2,10
2024,23,PRS,P005793,"SY, BANDJA",2,0,0,5,13:20,2,1,3,0,2,0,1,3,2,5,0,1,0,0,0,2,1,12
2024,23,PRS,P003481,"KESSENS, MICHAEL",0,0,0,6,DNP,0,0,0,0,0,0,0,0,0,0,0,0,0,0,0,0,0,0
2024,23,PRS,P012611,"HERRERA, SEBASTIAN",2,0,1,7,09:41,3,0,0,0,0,3,4,0,0,0,0,0,0,0,0,2,2,14
2024,23,PRS,P010390,"HAYES, KEVARRIUS",4,1,0,13,18:33,6,3,5,0,0,0,0,2,1,3,0,1,0,0,0,4,0,-14
2024,23,PRS,P012612,"SHAHRVIN, ENZO",7,0,0,18,11:25,2,1,1,0,0,0,0,4,2,6,1,0,2,1,0,1,0,4
2024,23,PRS,P012613,"JANTUNEN, MIKAEL",9,1,1,20,23:20,6,2,2,0,2,2,2,3,1,4,0,2,0,0,0,1,0,5
2024,23,PRS,P004197,"OUATTARA, YAKUBA",2,1,0,24,19:43,6,2,3,0,5,2,2,0,1,1,1,1,0,0,1,1,1,1
2024,23,PAN,P011209,"KALAITZAKIS, PANAGIOTIS",-1,0,0,0,01:35,0,0,0,0,1,0,0,0,0,0,0,0,0,0,0,0,0,0
2024,23,PAN,P009622,"BROWN, LORENZO",19,0,0,2,18:30,14,2,2,1,2,7,9,1,1,2,2,1,1,0,0,0,4,-7
2024,23,PAN,P001926,"SLOUKAS, KOSTAS",8,0,0,10,14:52,2,0,1,0,1,2,2,0,3,3,5,0,2,0,0,2,4,-7
2024,23,PAN,P004088,"OSMAN, CEDI",-1,0,1,16,11:55,3,0,1,1,2,0,0,0,1,1,0,0,0,0,0,3,0,-1
2024,23,PAN,P005161,"PAPAPETROU, IOANNIS",-4,0,0,21,11:16,0,0,2,0,0,0,0,0,0,0,0,0,0,0,0,2,0,4
2024,23,PAN,P011204,"GRANT, JERIAN",6,1,1,22,30:53,6,0,1,2,4,0,0,2,0,2,2,2,1,0,0,3,1,-1
2024,23,PAN,P012774,"NUNN, KENDRICK",15,1,1,25,27:16,16,4,9,2,7,2,2,0,8,8,1,1,3,1,2,2,5,-1
2024,23,PAN,P003842,"LESSORT, MATHIAS",28,1,0,26,29:51,19,6,9,0,0,7,10,5,6,11,3,1,3,2,0,4,5,2
2024,23,PAN,P002328,"GRIGONIS, MARIUS",9,1,1,40,15:44,7,1,2,1,1,2,2,0,1,1,2,0,1,0,0,1,2,6
2024,23,PAN,P012712,"HERNANGOMEZ, JUANCHO",10,0,1,41,15:43,9,3,6,1,1,0,0,2,4,6,0,0,1,0,0,1,0,1
2024,23,PAN,P007866,"MITOGLOU, KONSTANTINOS",2,1,0,44,14:52,2,1,3,0,0,0,0,1,3,4,0,1,3,1,0,2,1,-4
2024,23,PAN,P005353,"YURTSEVEN, OMER",-1,0,0,77,07:33,2,1,4,0,0,0,1,1,0,1,0,0,0,0,0,1,1,-12
2024,24,VIR,P009549,"CORDINIER, ISAIA",1,1,1,0,18:12,10,3,5,1,6,1,2,0,1,1,2,1,3,1,0,4,1,-4
2024,24,VIR,PBCN,"BELINELLI, MARCO",-1,0,1,3,19:29,6,3,4,0,4,0,0,0,0,0,1,1,1,0,0,4,1,-3
2024,24,VIR,P006739,"PAJOLA, ALESSANDRO",17,1,1,6,24:27,11,4,4,1,4,0,0,2,0,2,5,4,0,0,0,2,0,5
2024,24,VIR,P004888,"CLYBURN, WILL",13,1,1,8,36:19,16,2,8,3,7,3,3,1,6,7,0,0,1,0,0,4,5,8
2024,24,VIR,P001133,"SHENGELIA, TORNIKE",17,1,0,21,28:27,11,2,7,0,0,7,10,4,7,11,2,0,2,0,0,5,8,1
2024,24,VIR,P001844,"HACKETT, DANIEL",-1,0,0,23,13:53,0,0,0,0,1,0,0,0,0,0,1,0,1,0,0,1,1,-9
2024,24,VIR,P005738,"GRAZULIS, ANDREJS",-2,0,0,24,04:10,0,0,1,0,0,0,0,0,0,0,0,0,0,0,0,1,0,-10
2024,24,VIR,P012585,"MORGAN, MATTHEW",-2,0,0,30,05:09,0,0,1,0,1,0,0,0,0,0,1,0,0,0,0,1,0,-6
2024,24,VIR,P002084,"POLONARA, ACHILLE",8,0,0,33,13:42,4,1,1,0,0,2,2,0,3,3,0,0,1,1,0,2,3,-1
2024,24,VIR,P013374,"DIOUF, MOUHAMET",9,1,1,35,24:09,5,2,2,0,0,1,1,1,2,3,0,2,3,1,0,2,3,15
2024,24,VIR,P004554,"ZIZIC, ANTE",-1,0,0,41,06:59,0,0,2,0,0,0,0,0,2,2,0,0,0,0,0,1,0,-7
2024,24,VIR,P012591,"TUCKER, RAYJON",5,0,0,59,05:04,5,0,0,1,1,2,2,0,0,0,0,0,1,0,0,0,1,-4
2024,24,ZAL,P011925,"WALLACE, TYRONE",0,0,0,1,DNP,0,0,0,0,0,0,0,0,0,0,0,0,0,0,0,0,0,0
2024,24,ZAL,P007975,"FRANCISCO, SYLVAIN",18,0,0,3,25:34,11,3,5,1,5,2,5,0,1,1,8,2,2,0,1,0,8,11
2024,24,ZAL,P003210,"LEKAVICIUS, LUKAS",-2,0,0,4,09:16,4,0,3,1,1,1,1,0,0,0,0,0,1,0,0,3,1,-6
2024,24,ZAL,P011983,"BRAZDEIKIS, IGNAS",-3,1,0,8,13:22,6,3,6,0,3,0,0,0,1,1,1,0,1,0,1,4,1,-14
2024,24,ZAL,P007513,"GIEDRAITIS, DOVYDAS",20,1,1,9,30:22,15,2,3,3,3,2,3,1,2,3,1,2,1,0,0,0,2,-5
2024,24,ZAL,P005504,"BIRUTIS, LAURYNAS",8,0,0,15,14:43,7,2,6,0,0,3,4,2,4,6,0,0,1,0,0,2,3,6
2024,24,ZAL,P011051,"SMAILAGIC, ALEN",11,0,1,18,08:48,9,3,3,0,1,3,7,3,3,6,0,0,2,0,0,1,4,15
2024,24,ZAL,P012622,"MITCHELL, MATTHEW",3,0,1,21,18:15,4,2,4,0,0,0,0,0,3,3,1,1,3,0,0,1,0,15
2024,24,ZAL,P003048,"DUNSTON, BRYANT",-2,1,0,42,16:29,0,0,2,0,0,0,0,2,2,4,0,0,2,0,0,4,2,-18
2024,24,ZAL,P002676,"BUTKEVICIUS, ARNAS",7,0,1,51,16:27,2,0,0,0,2,2,2,0,4,4,1,3,0,0,0,2,1,15
2024,24,ZAL,P007029,"SIRVYDIS, DEIVIDAS",6,1,0,91,19:54,3,0,0,1,3,0,2,0,3,3,2,2,1,0,0,2,3,4
2024,24,ZAL,P002329,"ULANOVAS, EDGARAS",4,1,1,92,26:50,10,3,4,1,2,1,2,1,1,2,0,1,2,0,1,4,1,-8
2024,25,BAR,P009862,"PUNTER, KEVIN",14,1,1,0,12:20,13,3,4,2,3,1,1,0,2,2,1,2,1,0,1,1,1,8
2024,25,BAR,P012795,"ANDERSON, JUSTIN",3,0,0,1,10:08,0,0,0,0,2,0,0,0,2,2,2,1,0,0,0,0,0,-2
2024,25,BAR,P000925,"VESELY, JAN",11,1,0,6,10:02,6,3,4,0,0,0,0,1,4,5,2,0,1,0,0,0,0,10
2024,25,BAR,P009992,"BRIZUELA, DARIO",4,0,1,8,07:41,4,0,0,1,1,1,2,0,0,0,2,0,0,0,0,2,1,4
2024,25,BAR,P013379,"METU, CHIMEZIE",2,0,1,10,06:18,3,1,2,0,0,1,2,2,2,4,0,0,3,0,0,1,1,3
2024,25,BAR,P002939,"SATORANSKY, TOMAS",0,1,1,13,09:52,1,0,2,0,1,1,2,1,1,2,2,0,1,0,0,1,1,10
2024,25,BAR,P003196,"HERNANGOMEZ, WILLY",7,1,1,14,12:34,7,3,5,0,0,1,2,2,2,4,0,0,1,0,0,1,1,11
2024,25,BAR,P010106,"NUNEZ, JUAN",4,0,0,17,06:46,2,1,1,0,1,0,0,1,0,1,2,0,0,0,0,0,0,-1
2024,25,BAR,P006568,"FALL, YOUSSOUPHA",0,0,0,19,DNP,0,0,0,0,0,0,0,0,0,0,0,0,0,0,0,0,0,0
2024,25,BAR,P006435,"LAPROVITTOLA, NICOLAS",7,0,0,20,07:40,6,1,1,1,2,1,1,0,0,0,0,0,0,0,0,1,3,0
2024,25,BAR,P003478,"ABRINES, ALEX",0,0,0,21,DNP,0,0,0,0,0,0,0,0,0,0,0,0,0,0,0,0,0,0
2024,25,BAR,P012745,"PARKER, JABARI",7,1,0,22,16:39,5,0,1,1,3,2,2,0,2,2,2,0,0,0,0,1,2,-3
2024,25,MCO,P011212,"OKOBO, ELIE",6,0,1,0,09:29,3,0,0,1,1,0,0,0,0,0,4,0,0,0,0,2,1,-1
2024,25,MCO,P011231,"BLOSSOMGAME, JARON",3,1,0,4,13:58,4,2,3,0,1,0,0,1,0,1,0,1,0,0,0,2,1,-11
2024,25,MCO,P009754,"LOYD, JORDAN",7,1,1,8,11:45,2,1,2,0,2,0,0,0,3,3,4,1,1,0,0,1,2,-13
2024,25,MCO,P005844,"PAPAGIANNIS, GEORGIOS",2,0,1,9,04:46,2,1,2,0,2,0,0,1,3,4,0,0,0,0,0,1,0,-4
2024,25,MCO,P011226,"DIALLO, ALPHA",14,0,1,11,13:28,8,2,2,1,1,1,1,0,2,2,1,3,1,0,0,0,1,3
2024,25,MCO,P002581,"JAITEH, MAM",6,1,0,14,13:04,6,3,4,0,0,0,0,0,1,1,0,1,0,0,0,1,0,-8
2024,25,MCO,PLCZ,"MOTIEJUNAS, DONATAS",5,1,0,20,07:43,6,3,5,0,0,0,0,0,1,1,0,0,0,1,0,2,1,-1
2024,25,MCO,P012515,"TARPEY, TERRY",0,0,0,22,DNP,0,0,0,0,0,0,0,0,0,0,0,0,0,0,0,0,0,0
2024,25,MCO,P008161,"BEGARIN, JUHANN",0,0,0,23,DNP,0,0,0,0,0,0,0,0,0,0,0,0,0,0,0,0,0,0
2024,25,MCO,P013365,"BROWN, VITTO",1,0,0,30,05:47,0,0,0,0,0,0,0,0,1,1,0,0,0,0,0,0,0,3
2024,25,MCO,P008099,"STRAZEL, MATTHEW",-1,0,0,32,07:24,2,1,1,0,2,0,0,0,0,0,1,0,2,0,0,0,0,5
2024,25,MCO,P005985,"JAMES, MIKE",0,1,1,55,12:36,6,1,3,1,2,1,4,0,1,1,0,0,2,0,0,1,2,-13
2024,26,PAR,P007870,"DAVIES, BRANDON",3,1,0,0,12:50,2,1,3,0,0,0,0,1,0,1,4,1,2,0,0,3,2,4
2024,26,PAR,P010781,"LUNDBERG, IFFE",11,1,1,1,17:01,7,1,1,1,3,2,3,0,4,4,2,1,1,0,0,1,2,4
2024,26,PAR,P013369,"JONES, CARLIK",19,0,1,2,23:14,14,4,6,0,2,6,6,0,5,5,3,1,4,1,0,1,4,7
2024,26,PAR,P006591,"NTILIKINA, FRANK",14,0,1,3,27:40,13,1,1,3,4,2,2,1,0,1,3,1,2,0,0,2,1,13
2024,26,PAR,P011050,"KOPRIVICA, BALSA",-1,0,0,5,07:12,0,0,1,0,0,0,0,0,1,1,0,0,0,1,1,1,0,-9
2024,26,PAR,P007632,"NAKIC, MARIO",0,0,0,7,07:07,0,0,0,0,0,0,0,0,0,0,0,0,1,0,0,0,1,-7
2024,26,PAR,P004761,"MARINKOVIC, VANJA",3,1,0,9,22:09,2,1,2,0,2,0,0,1,3,4,2,1,3,0,0,0,0,4
2024,26,PAR,P008232,"POKUSEVSKI, ALEKSEJ",-1,0,0,11,15:12,0,0,2,0,2,0,0,0,1,1,1,1,0,1,0,2,1,-2
2024,26,PAR,P012720,"BROWN, STERLING",18,1,1,12,24:56,22,5,7,4,6,0,0,1,3,4,0,0,2,0,0,3,1,3
2024,26,PAR,P006760,"BONGA, ISAAC",12,1,0,17,22:42,13,0,1,3,4,4,4,1,2,3,0,2,1,0,0,5,2,10
2024,26,PAR,P007736,"LAKIC, ARIJAN",0,0,0,19,DNP,0,0,0,0,0,0,0,0,0,0,0,0,0,0,0,0,0,0
2024,26,PAR,P011981,"JONES, TYRIQUE",16,0,1,88,19:57,13,3,4,0,0,7,12,2,2,4,1,0,1,1,0,3,7,13
2024,26,MUN,P010391,"WEILER-BABB, NICK",16,1,1,0,27:28,12,1,3,2,4,4,4,3,3,6,3,2,2,0,0,4,3,4
2024,26,MUN,P011244,"DA SILVA, OSCAR",5,0,0,1,16:00,4,2,2,0,1,0,0,1,1,2,0,1,1,1,0,2,1,-2
2024,26,MUN,P011987,"EDWARDS, CARSEN",7,0,1,3,26:03,13,1,4,3,9,2,2,0,4,4,1,2,3,0,1,3,3,-10
2024,26,MUN,P007201,"VOIGTMANN, JOHANNES",1,1,0,7,19:13,5,1,1,1,3,0,0,0,1,1,0,0,3,0,0,1,1,-7
2024,26,MUN,P011224,"NAPIER, SHABAZZ",10,1,1,8,24:58,10,2,4,2,5,0,0,1,1,2,3,2,2,0,1,3,4,-4
2024,26,MUN,P012123,"KHARCHENKOV, IVAN",-5,0,0,10,09:44,2,1,3,0,1,0,0,0,0,0,1,0,2,0,2,1,0,-4
2024,26,MUN,P004508,"OBST, ANDREAS",18,1,1,13,27:44,15,4,4,2,4,1,2,0,2,2,2,1,1,0,0,1,3,-2
2024,26,MUN,P005460,"HARRIS, ELIAS",2,0,0,20,10:55,2,1,2,0,0,0,0,1,0,1,0,0,0,0,0,0,0,12
2024,26,MUN,P007639,"BRANKOVIC, DANKO",3,0,0,22,05:50,4,2,2,0,0,0,0,1,1,2,0,0,0,0,0,3,0,-11
2024,26,MUN,P007056,"BOOKER, DEVIN",12,1,1,31,26:12,11,3,6,0,2,5,5,1,2,3,1,1,2,0,0,3,6,-6
2024,26,MUN,P011052,"MADAR, YAM",1,0,0,41,05:53,0,0,0,0,0,0,0,0,0,0,1,1,1,0,0,0,0,-10
2024,26,MUN,P013368,"YEBO, KEVIN",0,0,0,53,DNP,0,0,0,0,0,0,0,0,0,0,0,0,0,0,0,0,0,0
2024,27,TEL,P006835,"HOARD, JAYLEN",21,1,1,1,34:12,18,6,10,1,1,3,4,1,4,5,3,0,1,0,1,1,3,-2
2024,27,TEL,P013389,"LEE, SABEN",26,0,1,5,22:28,23,6,8,2,2,5,7,0,1,1,5,1,2,0,0,2,4,12
2024,27,TEL,P007855,"KABA, ALPHA",0,0,0,7,DNP,0,0,0,0,0,0,0,0,0,0,0,0,0,0,0,0,0,0
2024,27,TEL,P004233,"MENCO, RAFI",7,1,0,8,05:22,4,2,2,0,1,0,0,2,2,4,0,0,0,0,0,0,0,-7
2024,27,TEL,P011219,"SORKIN, ROMAN",0,1,0,9,24:57,9,2,6,1,2,2,3,0,0,0,0,0,2,0,1,3,3,-10
2024,27,TEL,P011433,"MAYER, OMER",0,0,0,10,DNP,0,0,0,0,0,0,0,0,0,0,0,0,0,0,0,0,0,0
2024,27,TEL,P013381,"RAYMAN, WILLIAM",0,0,0,11,00:10,0,0,0,0,0,0,0,0,0,0,0,0,0,0,0,0,0,-1
2024,27,TEL,P007990,"DIBARTOLOMEO, JOHN",6,0,1,12,21:22,3,0,1,1,4,0,0,0,0,0,2,1,1,0,0,0,5,13
2024,27,TEL,P011214,"RIVERO, JASIEL",18,0,1,14,21:38,10,5,5,0,0,0,2,2,4,6,2,1,1,1,0,3,4,4
2024,27,TEL,P005145,"COHEN, JAKE",5,0,0,15,10:23,5,1,2,1,1,0,0,1,1,2,0,0,0,0,0,2,1,15
2024,27,TEL,P013382,"RANDOLPH, LEVI",8,1,1,20,32:58,7,2,6,1,3,0,0,3,1,4,3,1,1,0,0,2,2,-7
2024,27,TEL,P011193,"BLATT, TAMIR",9,1,0,45,26:30,14,1,1,3,8,3,3,0,0,0,5,0,5,0,0,2,2,-7
2024,27,IST,P007200,"LARKIN, SHANE",12,1,1,0,23:25,8,4,5,0,6,0,1,0,2,2,8,1,1,0,0,1,3,5
2024,27,IST,P006590,"BEAUBOIS, RODRIGUE",9,0,1,1,18:03,10,4,4,0,1,2,2,1,0,1,3,1,2,0,0,4,1,1
2024,27,IST,P013363,"NWORA, JORDAN",17,1,1,3,30:51,21,5,7,3,8,2,3,1,4,5,0,1,1,0,0,2,1,4
2024,27,IST,P007109,"SMITS, ROLANDS",1,0,0,11,14:36,3,1,2,0,2,1,2,0,2,2,0,0,0,0,0,2,2,-12
2024,27,IST,P011078,"THOMPSON, DARIUS",11,1,0,13,28:06,10,4,6,0,2,2,2,2,0,2,6,1,2,0,0,4,2,6
2024,27,IST,P013364,"JOHNSON, STANLEY",0,0,0,14,08:33,1,0,0,0,0,1,2,2,1,3,0,0,1,0,0,3,1,-5
2024,27,IST,P004887,"POIRIER, VINCENT",23,1,1,17,30:13,22,10,11,0,0,2,2,0,3,3,1,0,2,1,0,4,3,6
2024,27,IST,P006640,"OZDEMIROGLU, DOGUS",3,0,0,18,07:35,4,0,1,1,1,1,2,1,0,1,1,0,0,0,0,2,1,-9
2024,27,IST,P012710,"OSMANI, ERCAN",16,1,0,24,21:14,7,1,2,1,2,2,2,0,6,6,3,3,0,1,1,2,1,1
2024,27,IST,P012788,"OTURU, DAN",2,0,0,25,06:01,2,1,1,0,0,0,0,1,1,2,0,0,1,0,0,1,0,-4
2024,27,IST,P006372,"YILMAZ, ERKAN",0,0,0,33,DNP,0,0,0,0,0,0,0,0,0,0,0,0,0,0,0,0,0,0
2024,27,IST,P009664,"WILLIS, DEREK",2,0,1,35,11:23,3,0,0,1,1,0,0,0,0,0,0,0,1,0,0,0,0,-3
